Start Date,End Date,Duration,Magnitude
[yyyy-mm-dd hh:mm:ss],[yyyy-mm-dd hh:mm:ss],[days],[mm]
1985-01-01 00:00:00,1985-01-02 00:00:00,2,2.211312626
1985-01-05 00:00:00,1985-01-11 00:00:00,7,53.096542617
1985-01-18 00:00:00,1985-01-19 00:00:00,2,12.456288555
1985-01-21 00:00:00,1985-01-21 00:00:00,1,0.000418827
1985-01-23 00:00:00,1985-01-29 00:00:00,7,37.73645359099999
1985-01-31 00:00:00,1985-01-31 00:00:00,1,0.140159629
1985-02-02 00:00:00,1985-02-25 00:00:00,24,25.103644930999998
1985-02-27 00:00:00,1985-03-15 00:00:00,17,91.432685551
1985-03-17 00:00:00,1985-03-18 00:00:00,2,0.0054085190000000005
1985-03-20 00:00:00,1985-04-14 00:00:00,26,33.609592721999995
1985-04-16 00:00:00,1985-04-18 00:00:00,3,0.655071215
1985-04-21 00:00:00,1985-06-12 00:00:00,53,119.065654881
1985-06-15 00:00:00,1985-06-20 00:00:00,6,0.329133484
1985-07-01 00:00:00,1985-07-12 00:00:00,12,56.276334711000004
1985-07-18 00:00:00,1985-07-19 00:00:00,2,0.34845154700000003
1985-07-29 00:00:00,1985-07-29 00:00:00,1,0.001168462
1985-08-05 00:00:00,1985-08-08 00:00:00,4,0.522419528
1985-08-13 00:00:00,1985-08-14 00:00:00,2,4.419883541
1985-08-16 00:00:00,1985-08-19 00:00:00,4,6.323654005
1985-08-21 00:00:00,1985-08-26 00:00:00,6,12.863060594
1985-08-30 00:00:00,1985-09-03 00:00:00,5,22.711364016
1985-09-06 00:00:00,1985-09-07 00:00:00,2,0.03985052
1985-09-09 00:00:00,1985-09-16 00:00:00,8,6.6826928820000004
1985-09-18 00:00:00,1985-09-21 00:00:00,4,17.954061957
1985-09-23 00:00:00,1985-09-23 00:00:00,1,0.959350871
1985-09-26 00:00:00,1985-09-26 00:00:00,1,0.243903847
1985-10-01 00:00:00,1985-10-01 00:00:00,1,0.001168462
1985-10-06 00:00:00,1985-10-29 00:00:00,24,83.992224096
1985-10-31 00:00:00,1985-11-02 00:00:00,3,3.9482097670000003
1985-11-04 00:00:00,1985-11-11 00:00:00,8,9.803707747999999
1985-11-13 00:00:00,1985-11-16 00:00:00,4,1.2642289669999998
1985-11-18 00:00:00,1985-11-28 00:00:00,11,24.495302231
1985-11-30 00:00:00,1985-12-07 00:00:00,8,27.490623192999998
1985-12-09 00:00:00,1985-12-12 00:00:00,4,38.256897884000004
1985-12-14 00:00:00,1985-12-20 00:00:00,7,38.026288768
1985-12-22 00:00:00,1985-12-23 00:00:00,2,14.317841141999999
1985-12-26 00:00:00,1986-01-07 00:00:00,13,31.870900413
1986-01-09 00:00:00,1986-01-14 00:00:00,6,22.244141116999998
1986-01-17 00:00:00,1986-01-20 00:00:00,4,1.3920949390000001
1986-01-24 00:00:00,1986-01-26 00:00:00,3,5.380721824
1986-01-29 00:00:00,1986-01-30 00:00:00,2,0.15447101300000002
1986-02-04 00:00:00,1986-02-15 00:00:00,12,69.179417868
1986-02-19 00:00:00,1986-02-27 00:00:00,9,47.475458408
1986-03-02 00:00:00,1986-03-02 00:00:00,1,0.212168278
1986-03-04 00:00:00,1986-03-11 00:00:00,8,6.562044457
1986-03-20 00:00:00,1986-04-01 00:00:00,13,13.254518975000002
1986-04-05 00:00:00,1986-04-05 00:00:00,1,0.009876857
1986-04-09 00:00:00,1986-04-20 00:00:00,12,6.027733425000001
1986-04-22 00:00:00,1986-04-22 00:00:00,1,0.007803825
1986-04-24 00:00:00,1986-04-24 00:00:00,1,0.000983336
1986-04-28 00:00:00,1986-05-12 00:00:00,15,81.34789856899998
1986-05-14 00:00:00,1986-05-15 00:00:00,2,0.005470299
1986-05-19 00:00:00,1986-05-19 00:00:00,1,0.294868398
1986-05-26 00:00:00,1986-05-30 00:00:00,5,3.807284486
1986-06-01 00:00:00,1986-06-06 00:00:00,6,0.08674230599999999
1986-06-08 00:00:00,1986-06-08 00:00:00,1,0.0014188
1986-06-12 00:00:00,1986-06-13 00:00:00,2,0.156150451
1986-06-16 00:00:00,1986-06-16 00:00:00,1,0.038400556
1986-06-22 00:00:00,1986-06-22 00:00:00,1,0.005423312
1986-07-02 00:00:00,1986-07-09 00:00:00,8,12.63046228
1986-07-12 00:00:00,1986-07-12 00:00:00,1,0.196219906
1986-07-14 00:00:00,1986-07-19 00:00:00,6,14.967518719
1986-07-21 00:00:00,1986-07-21 00:00:00,1,0.057306061
1986-07-25 00:00:00,1986-07-30 00:00:00,6,17.242535973
1986-08-03 00:00:00,1986-08-12 00:00:00,10,11.991641143999999
1986-08-14 00:00:00,1986-08-18 00:00:00,5,34.543469212999995
1986-08-21 00:00:00,1986-08-26 00:00:00,6,6.051122448
1986-08-30 00:00:00,1986-09-02 00:00:00,4,2.925994922
1986-09-07 00:00:00,1986-09-07 00:00:00,1,0.029804234
1986-09-12 00:00:00,1986-09-12 00:00:00,1,0.016797944
1986-09-14 00:00:00,1986-09-14 00:00:00,1,0.196019656
1986-09-25 00:00:00,1986-09-27 00:00:00,3,1.7376592950000003
1986-09-29 00:00:00,1986-10-04 00:00:00,6,36.392594406
1986-10-06 00:00:00,1986-10-11 00:00:00,6,13.017356689999998
1986-10-15 00:00:00,1986-10-20 00:00:00,6,58.523009032000004
1986-10-23 00:00:00,1986-10-25 00:00:00,3,29.495779839
1986-10-27 00:00:00,1986-10-28 00:00:00,2,2.59087851
1986-10-31 00:00:00,1986-11-03 00:00:00,4,3.467878108
1986-11-05 00:00:00,1986-11-16 00:00:00,12,34.345709119
1986-11-18 00:00:00,1986-11-19 00:00:00,2,0.949325626
1986-11-26 00:00:00,1986-12-08 00:00:00,13,69.49972135899998
1986-12-11 00:00:00,1986-12-19 00:00:00,9,7.192050571999999
1986-12-21 00:00:00,1986-12-31 00:00:00,11,35.70565722999999
1987-01-02 00:00:00,1987-01-23 00:00:00,22,80.27270822700001
1987-01-27 00:00:00,1987-02-14 00:00:00,19,65.61628171699999
1987-02-16 00:00:00,1987-03-06 00:00:00,19,54.386638091
1987-03-08 00:00:00,1987-03-08 00:00:00,1,0.17635455
1987-03-15 00:00:00,1987-04-09 00:00:00,26,36.82827427400001
1987-04-13 00:00:00,1987-04-14 00:00:00,2,0.029215837
1987-04-16 00:00:00,1987-04-19 00:00:00,4,0.30574116
1987-04-22 00:00:00,1987-05-17 00:00:00,26,90.827567271
1987-05-19 00:00:00,1987-05-23 00:00:00,5,0.248131343
1987-05-25 00:00:00,1987-05-25 00:00:00,1,0.585050873
1987-05-27 00:00:00,1987-05-27 00:00:00,1,0.014814045
1987-05-31 00:00:00,1987-06-03 00:00:00,4,1.705597631
1987-06-05 00:00:00,1987-06-20 00:00:00,16,20.673324136
1987-06-22 00:00:00,1987-06-24 00:00:00,3,11.653409241
1987-07-01 00:00:00,1987-07-03 00:00:00,3,0.7099291799999999
1987-07-06 00:00:00,1987-07-10 00:00:00,5,1.9669289389999998
1987-07-17 00:00:00,1987-07-18 00:00:00,2,0.020412792
1987-07-20 00:00:00,1987-07-22 00:00:00,3,0.33807290199999995
1987-07-27 00:00:00,1987-07-30 00:00:00,4,35.408985132
1987-08-02 00:00:00,1987-08-03 00:00:00,2,9.499949033
1987-08-05 00:00:00,1987-08-05 00:00:00,1,0.00358566
1987-08-10 00:00:00,1987-08-22 00:00:00,13,24.216809248
1987-08-24 00:00:00,1987-08-24 00:00:00,1,0.038635647
1987-08-28 00:00:00,1987-08-31 00:00:00,4,3.6399332440000003
1987-09-05 00:00:00,1987-09-11 00:00:00,7,0.870966595
1987-09-16 00:00:00,1987-09-16 00:00:00,1,0.015882337
1987-09-18 00:00:00,1987-09-19 00:00:00,2,1.23596261
1987-10-02 00:00:00,1987-10-05 00:00:00,4,10.635810899
1987-10-09 00:00:00,1987-10-19 00:00:00,11,95.851846335
1987-10-23 00:00:00,1987-10-26 00:00:00,4,24.276387088
1987-10-29 00:00:00,1987-10-31 00:00:00,3,0.525533258
1987-11-03 00:00:00,1987-11-12 00:00:00,10,51.154084119000004
1987-11-15 00:00:00,1987-11-15 00:00:00,1,0.047415961
1987-11-21 00:00:00,1987-11-21 00:00:00,1,0.000448562
1987-11-24 00:00:00,1987-11-27 00:00:00,4,4.345199056000001
1987-11-29 00:00:00,1987-12-03 00:00:00,5,126.20462320000001
1987-12-05 00:00:00,1987-12-05 00:00:00,1,0.012879697
1987-12-07 00:00:00,1987-12-08 00:00:00,2,0.75736309
1987-12-11 00:00:00,1987-12-14 00:00:00,4,40.038932378999995
1987-12-22 00:00:00,1988-01-01 00:00:00,11,22.886754854
1988-01-04 00:00:00,1988-01-08 00:00:00,5,23.113507774
1988-01-12 00:00:00,1988-01-22 00:00:00,11,62.074754148000004
1988-01-25 00:00:00,1988-01-26 00:00:00,2,2.1825806400000003
1988-01-28 00:00:00,1988-02-04 00:00:00,8,8.337071119
1988-02-06 00:00:00,1988-02-08 00:00:00,3,22.552985338
1988-02-13 00:00:00,1988-02-17 00:00:00,5,89.70822780600001
1988-02-26 00:00:00,1988-03-12 00:00:00,16,32.435960895
1988-03-17 00:00:00,1988-03-17 00:00:00,1,4.78e-07
1988-03-19 00:00:00,1988-04-14 00:00:00,27,211.87068196599998
1988-04-17 00:00:00,1988-04-26 00:00:00,10,9.407629786999998
1988-04-28 00:00:00,1988-05-03 00:00:00,6,7.4442183140000004
1988-05-05 00:00:00,1988-05-05 00:00:00,1,0.000171709
1988-05-08 00:00:00,1988-05-08 00:00:00,1,0.005084048
1988-05-11 00:00:00,1988-05-23 00:00:00,13,18.553321826
1988-05-28 00:00:00,1988-05-28 00:00:00,1,0.013696641
1988-05-31 00:00:00,1988-06-06 00:00:00,7,62.062334688
1988-06-14 00:00:00,1988-06-18 00:00:00,5,11.664306406000001
1988-06-24 00:00:00,1988-06-28 00:00:00,5,1.9203454480000002
1988-07-01 00:00:00,1988-07-08 00:00:00,8,97.465040106
1988-07-11 00:00:00,1988-07-14 00:00:00,4,10.084970237999999
1988-07-18 00:00:00,1988-07-18 00:00:00,1,0.263892265
1988-07-20 00:00:00,1988-07-22 00:00:00,3,4.158084241
1988-08-02 00:00:00,1988-08-04 00:00:00,3,1.313702369
1988-08-06 00:00:00,1988-08-06 00:00:00,1,0.014287598
1988-08-12 00:00:00,1988-08-17 00:00:00,6,5.800632255
1988-08-19 00:00:00,1988-08-29 00:00:00,11,67.08313300900001
1988-08-31 00:00:00,1988-09-16 00:00:00,17,22.44896267
1988-09-27 00:00:00,1988-09-28 00:00:00,2,4.3982087960000005
1988-10-02 00:00:00,1988-10-02 00:00:00,1,0.000994491
1988-10-06 00:00:00,1988-10-07 00:00:00,2,0.023446424
1988-10-16 00:00:00,1988-10-17 00:00:00,2,3.7748027079999997
1988-10-23 00:00:00,1988-10-27 00:00:00,5,15.177483048000001
1988-10-31 00:00:00,1988-10-31 00:00:00,1,0.064400099
1988-11-05 00:00:00,1988-11-08 00:00:00,4,8.544723071
1988-11-10 00:00:00,1988-11-10 00:00:00,1,0.021798928
1988-11-12 00:00:00,1988-11-13 00:00:00,2,0.032159573
1988-11-15 00:00:00,1988-11-16 00:00:00,2,14.737856464
1988-11-21 00:00:00,1988-11-22 00:00:00,2,0.76236813
1988-11-24 00:00:00,1988-12-03 00:00:00,10,12.376942532000001
1988-12-05 00:00:00,1989-01-09 00:00:00,36,221.19373221600003
1989-01-11 00:00:00,1989-01-16 00:00:00,6,2.475155806
1989-01-19 00:00:00,1989-02-08 00:00:00,21,63.665678159
1989-02-10 00:00:00,1989-02-22 00:00:00,13,14.013973918000001
1989-02-24 00:00:00,1989-03-10 00:00:00,15,15.276171807
1989-03-16 00:00:00,1989-04-14 00:00:00,30,217.21534867899996
1989-04-16 00:00:00,1989-04-16 00:00:00,1,0.002399877
1989-04-20 00:00:00,1989-05-03 00:00:00,14,179.82582557399996
1989-05-05 00:00:00,1989-05-24 00:00:00,20,78.709159383
1989-05-26 00:00:00,1989-06-14 00:00:00,20,28.396542305999994
1989-06-16 00:00:00,1989-06-19 00:00:00,4,1.208707449
1989-06-21 00:00:00,1989-07-04 00:00:00,14,18.706269588
1989-07-06 00:00:00,1989-07-06 00:00:00,1,0.002352943
1989-07-08 00:00:00,1989-07-13 00:00:00,6,21.582239421
1989-07-16 00:00:00,1989-07-18 00:00:00,3,1.6805050250000002
1989-07-21 00:00:00,1989-07-21 00:00:00,1,0.066117836
1989-07-23 00:00:00,1989-07-25 00:00:00,3,12.678814808
1989-07-27 00:00:00,1989-07-29 00:00:00,3,0.156187849
1989-07-31 00:00:00,1989-08-03 00:00:00,4,0.9496986869999999
1989-08-05 00:00:00,1989-08-09 00:00:00,5,3.351531197
1989-08-16 00:00:00,1989-08-25 00:00:00,10,46.158443598999995
1989-08-27 00:00:00,1989-08-27 00:00:00,1,0.473279478
1989-08-31 00:00:00,1989-09-02 00:00:00,3,5.975963588
1989-09-04 00:00:00,1989-09-05 00:00:00,2,0.355974952
1989-09-10 00:00:00,1989-09-13 00:00:00,4,7.9175641699999995
1989-09-18 00:00:00,1989-09-18 00:00:00,1,0.927167457
1989-09-21 00:00:00,1989-09-22 00:00:00,2,0.007684949
1989-09-24 00:00:00,1989-09-26 00:00:00,3,4.490312835
1989-10-09 00:00:00,1989-10-11 00:00:00,3,0.5677367209999999
1989-10-16 00:00:00,1989-10-28 00:00:00,13,54.902053382999995
1989-10-30 00:00:00,1989-11-28 00:00:00,30,159.20489403300004
1989-12-01 00:00:00,1989-12-11 00:00:00,11,8.008010244
1989-12-13 00:00:00,1989-12-20 00:00:00,8,12.607688518000003
1989-12-22 00:00:00,1989-12-27 00:00:00,6,36.00025418600001
1989-12-30 00:00:00,1989-12-30 00:00:00,1,0.041054353
1990-01-04 00:00:00,1990-01-05 00:00:00,2,0.152765128
1990-01-07 00:00:00,1990-01-07 00:00:00,1,0.000171709
1990-01-10 00:00:00,1990-01-17 00:00:00,8,69.631674754
1990-01-19 00:00:00,1990-01-19 00:00:00,1,0.667778203
1990-01-21 00:00:00,1990-01-27 00:00:00,7,5.167518718999999
1990-01-30 00:00:00,1990-03-07 00:00:00,37,138.808333691
1990-03-09 00:00:00,1990-03-09 00:00:00,1,0.168719299
1990-03-12 00:00:00,1990-03-14 00:00:00,3,1.596552448
1990-03-22 00:00:00,1990-04-27 00:00:00,37,204.57788195500004
1990-05-02 00:00:00,1990-05-05 00:00:00,4,0.015286629000000001
1990-05-08 00:00:00,1990-05-19 00:00:00,12,12.030987037
1990-05-21 00:00:00,1990-05-31 00:00:00,11,118.534422462
1990-06-05 00:00:00,1990-06-21 00:00:00,17,35.641590631
1990-06-23 00:00:00,1990-06-26 00:00:00,4,6.345573234000001
1990-06-29 00:00:00,1990-06-29 00:00:00,1,0.026232774
1990-07-01 00:00:00,1990-07-02 00:00:00,2,0.376885244
1990-07-13 00:00:00,1990-07-20 00:00:00,8,1.167279959
1990-07-24 00:00:00,1990-07-24 00:00:00,1,0.000151614
1990-07-27 00:00:00,1990-08-04 00:00:00,9,41.209930246
1990-08-09 00:00:00,1990-08-11 00:00:00,3,4.79855723
1990-08-15 00:00:00,1990-08-16 00:00:00,2,0.935795348
1990-08-22 00:00:00,1990-08-22 00:00:00,1,0.000649881
1990-08-30 00:00:00,1990-09-03 00:00:00,5,2.279006779
1990-09-11 00:00:00,1990-09-11 00:00:00,1,0.009558003
1990-09-13 00:00:00,1990-09-16 00:00:00,4,4.349367807
1990-09-23 00:00:00,1990-09-25 00:00:00,3,4.622159232
1990-09-27 00:00:00,1990-09-27 00:00:00,1,0.126405212
1990-09-30 00:00:00,1990-10-02 00:00:00,3,0.620870782
1990-10-06 00:00:00,1990-10-12 00:00:00,7,25.528642965
1990-10-16 00:00:00,1990-10-22 00:00:00,7,21.865923611
1990-11-03 00:00:00,1990-11-09 00:00:00,7,40.455505583000004
1990-11-20 00:00:00,1990-11-24 00:00:00,5,0.642760571
1990-11-27 00:00:00,1990-11-28 00:00:00,2,0.8022852349999999
1990-12-03 00:00:00,1990-12-07 00:00:00,5,23.958840475
1990-12-10 00:00:00,1990-12-15 00:00:00,6,28.309660820999998
1990-12-21 00:00:00,1991-01-07 00:00:00,18,64.859043118
1991-01-10 00:00:00,1991-01-11 00:00:00,2,0.167533338
1991-01-14 00:00:00,1991-01-14 00:00:00,1,0.052611226
1991-01-17 00:00:00,1991-01-23 00:00:00,7,40.038922553000006
1991-01-25 00:00:00,1991-01-31 00:00:00,7,35.998286332999996
1991-02-05 00:00:00,1991-02-10 00:00:00,6,91.59961491700001
1991-02-12 00:00:00,1991-02-14 00:00:00,3,1.383965829
1991-02-17 00:00:00,1991-02-20 00:00:00,4,0.992941231
1991-02-23 00:00:00,1991-03-14 00:00:00,20,11.164081424999997
1991-03-19 00:00:00,1991-03-19 00:00:00,1,0.001874498
1991-03-28 00:00:00,1991-04-04 00:00:00,8,33.265006153
1991-04-09 00:00:00,1991-04-12 00:00:00,4,1.521032574
1991-04-14 00:00:00,1991-04-16 00:00:00,3,0.054554585
1991-04-30 00:00:00,1991-04-30 00:00:00,1,0.049415523
1991-05-02 00:00:00,1991-05-03 00:00:00,2,0.486683737
1991-05-08 00:00:00,1991-05-11 00:00:00,4,1.860476322
1991-05-13 00:00:00,1991-05-26 00:00:00,14,25.634500185999993
1991-05-28 00:00:00,1991-06-01 00:00:00,5,7.739058298000001
1991-06-03 00:00:00,1991-06-13 00:00:00,11,15.096865778000002
1991-06-21 00:00:00,1991-06-22 00:00:00,2,1.316706095
1991-06-26 00:00:00,1991-06-26 00:00:00,1,0.044103243
1991-07-03 00:00:00,1991-07-05 00:00:00,3,0.207889816
1991-07-07 00:00:00,1991-07-07 00:00:00,1,6.75e-05
1991-07-09 00:00:00,1991-07-10 00:00:00,2,19.432341799
1991-07-13 00:00:00,1991-07-13 00:00:00,1,0.000171709
1991-07-15 00:00:00,1991-07-15 00:00:00,1,0.000894575
1991-07-22 00:00:00,1991-07-23 00:00:00,2,3.624250454
1991-09-10 00:00:00,1991-09-11 00:00:00,2,0.017986096
1991-09-17 00:00:00,1991-09-18 00:00:00,2,0.47673415
1991-09-25 00:00:00,1991-09-28 00:00:00,4,6.4060664759999995
1991-10-08 00:00:00,1991-10-11 00:00:00,4,5.430200419999999
1991-10-17 00:00:00,1991-10-19 00:00:00,3,27.17413361
1991-10-23 00:00:00,1991-10-28 00:00:00,6,32.127017296000005
1991-11-01 00:00:00,1991-11-03 00:00:00,3,0.219467134
1991-11-05 00:00:00,1991-11-06 00:00:00,2,0.06431493299999999
1991-11-09 00:00:00,1991-11-09 00:00:00,1,0.000247243
1991-11-12 00:00:00,1991-11-13 00:00:00,2,5.892917198
1991-11-15 00:00:00,1991-11-18 00:00:00,4,13.432855362
1991-11-20 00:00:00,1991-11-22 00:00:00,3,5.728263507
1991-11-24 00:00:00,1991-11-24 00:00:00,1,0.034857363
1991-11-28 00:00:00,1991-12-14 00:00:00,17,198.56142593100003
1991-12-16 00:00:00,1991-12-23 00:00:00,8,38.144975066
1991-12-28 00:00:00,1992-01-05 00:00:00,9,49.24038177
1992-01-07 00:00:00,1992-01-11 00:00:00,5,23.427574796000002
1992-01-18 00:00:00,1992-01-19 00:00:00,2,0.11443703899999999
1992-01-24 00:00:00,1992-01-24 00:00:00,1,0.003062855
1992-01-26 00:00:00,1992-02-04 00:00:00,10,36.58713668299999
1992-02-06 00:00:00,1992-02-06 00:00:00,1,0.032903861
1992-02-08 00:00:00,1992-03-05 00:00:00,27,180.85702380499998
1992-03-07 00:00:00,1992-03-11 00:00:00,5,2.609195196
1992-03-13 00:00:00,1992-03-20 00:00:00,8,128.90321164300002
1992-03-23 00:00:00,1992-03-26 00:00:00,4,15.792991213999999
1992-03-28 00:00:00,1992-04-16 00:00:00,20,36.49575775499999
1992-04-18 00:00:00,1992-04-30 00:00:00,13,28.70912378
1992-05-04 00:00:00,1992-05-15 00:00:00,12,21.425249255
1992-05-17 00:00:00,1992-05-22 00:00:00,6,48.621943895
1992-05-30 00:00:00,1992-06-04 00:00:00,6,2.2592891030000004
1992-06-07 00:00:00,1992-06-07 00:00:00,1,0.013160434
1992-06-09 00:00:00,1992-06-10 00:00:00,2,0.046299680999999995
1992-06-15 00:00:00,1992-06-17 00:00:00,3,3.1861365409999998
1992-06-22 00:00:00,1992-06-25 00:00:00,4,0.6556772340000001
1992-06-30 00:00:00,1992-07-07 00:00:00,8,11.983345856
1992-07-09 00:00:00,1992-07-09 00:00:00,1,0.012038563
1992-07-14 00:00:00,1992-07-14 00:00:00,1,0.012410338
1992-07-16 00:00:00,1992-07-21 00:00:00,6,21.692960305999996
1992-07-23 00:00:00,1992-07-24 00:00:00,2,0.032622988
1992-07-26 00:00:00,1992-08-04 00:00:00,10,15.515226782000003
1992-08-06 00:00:00,1992-08-11 00:00:00,6,4.569996729
1992-08-17 00:00:00,1992-08-17 00:00:00,1,0.000411246
1992-08-23 00:00:00,1992-08-24 00:00:00,2,6.10739059
1992-08-27 00:00:00,1992-08-27 00:00:00,1,0.005621698
1992-08-30 00:00:00,1992-09-04 00:00:00,6,42.424276526999996
1992-09-07 00:00:00,1992-09-11 00:00:00,5,15.422151823999998
1992-09-15 00:00:00,1992-09-16 00:00:00,2,11.021532953
1992-09-18 00:00:00,1992-09-18 00:00:00,1,0.005598949
1992-09-22 00:00:00,1992-09-22 00:00:00,1,9.49e-06
1992-09-25 00:00:00,1992-09-26 00:00:00,2,1.048594417
1992-09-29 00:00:00,1992-09-30 00:00:00,2,2.514088719
1992-10-04 00:00:00,1992-10-05 00:00:00,2,1.717650777
1992-10-10 00:00:00,1992-10-10 00:00:00,1,1.956256726
1992-10-19 00:00:00,1992-10-21 00:00:00,3,1.2345613789999998
1992-10-23 00:00:00,1992-10-23 00:00:00,1,0.003622406
1992-10-25 00:00:00,1992-10-25 00:00:00,1,0.006491957
1992-10-27 00:00:00,1992-11-02 00:00:00,7,21.928434222
1992-11-04 00:00:00,1992-11-07 00:00:00,4,16.308492575
1992-11-10 00:00:00,1992-11-10 00:00:00,1,2.822024712
1992-11-15 00:00:00,1992-11-22 00:00:00,8,42.28653159
1992-11-24 00:00:00,1992-11-26 00:00:00,3,17.448917971
1992-11-29 00:00:00,1992-12-01 00:00:00,3,0.43251871500000005
1992-12-03 00:00:00,1992-12-11 00:00:00,9,23.863921603
1992-12-15 00:00:00,1992-12-22 00:00:00,8,10.112700553
1992-12-24 00:00:00,1992-12-28 00:00:00,5,14.226630149
1992-12-31 00:00:00,1992-12-31 00:00:00,1,0.001735468
1993-01-04 00:00:00,1993-01-14 00:00:00,11,82.44120977600001
1993-01-17 00:00:00,1993-01-19 00:00:00,3,0.032933960000000005
1993-01-25 00:00:00,1993-01-27 00:00:00,3,0.157278277
1993-01-30 00:00:00,1993-02-02 00:00:00,4,7.663534171
1993-02-05 00:00:00,1993-02-11 00:00:00,7,24.026019001
1993-02-13 00:00:00,1993-03-02 00:00:00,18,34.869644775
1993-03-04 00:00:00,1993-03-21 00:00:00,18,22.402683238000005
1993-03-23 00:00:00,1993-03-25 00:00:00,3,0.058436657999999995
1993-03-27 00:00:00,1993-03-30 00:00:00,4,3.470170527
1993-04-09 00:00:00,1993-04-13 00:00:00,5,0.888252555
1993-04-15 00:00:00,1993-04-18 00:00:00,4,2.36326163
1993-04-20 00:00:00,1993-04-20 00:00:00,1,0.094259752
1993-04-23 00:00:00,1993-04-23 00:00:00,1,0.104105552
1993-04-27 00:00:00,1993-04-27 00:00:00,1,0.100681644
1993-04-29 00:00:00,1993-05-01 00:00:00,3,0.48913449200000003
1993-05-03 00:00:00,1993-05-03 00:00:00,1,0.010850512
1993-05-09 00:00:00,1993-05-11 00:00:00,3,0.052408377
1993-05-13 00:00:00,1993-05-15 00:00:00,3,20.263473107
1993-05-17 00:00:00,1993-05-18 00:00:00,2,0.006874164
1993-05-20 00:00:00,1993-05-25 00:00:00,6,2.1892917350000007
1993-05-27 00:00:00,1993-06-04 00:00:00,9,28.541736110000006
1993-06-06 00:00:00,1993-06-08 00:00:00,3,1.63721835
1993-06-10 00:00:00,1993-06-13 00:00:00,4,0.221313853
1993-06-16 00:00:00,1993-06-16 00:00:00,1,0.102777701
1993-06-18 00:00:00,1993-06-18 00:00:00,1,0.00677981
1993-06-29 00:00:00,1993-07-03 00:00:00,5,0.738453032
1993-07-05 00:00:00,1993-07-15 00:00:00,11,34.727927081
1993-07-18 00:00:00,1993-07-30 00:00:00,13,12.566857154
1993-08-02 00:00:00,1993-08-02 00:00:00,1,0.011367288
1993-08-25 00:00:00,1993-09-04 00:00:00,11,25.427592021000002
1993-09-07 00:00:00,1993-09-10 00:00:00,4,2.9479697629999997
1993-09-13 00:00:00,1993-09-15 00:00:00,3,24.317855485
1993-09-17 00:00:00,1993-09-17 00:00:00,1,0.576071723
1993-09-23 00:00:00,1993-09-25 00:00:00,3,13.896161721
1993-09-27 00:00:00,1993-09-27 00:00:00,1,0.04300039
1993-10-01 00:00:00,1993-10-01 00:00:00,1,0.028585758
1993-10-05 00:00:00,1993-10-06 00:00:00,2,4.6013573899999995
1993-10-12 00:00:00,1993-10-21 00:00:00,10,17.909619120000002
1993-10-23 00:00:00,1993-10-26 00:00:00,4,2.693904908
1993-10-28 00:00:00,1993-11-03 00:00:00,7,26.400947141
1993-11-07 00:00:00,1993-11-16 00:00:00,10,6.605273835
1993-11-21 00:00:00,1993-11-27 00:00:00,7,20.304775092
1993-12-03 00:00:00,1993-12-03 00:00:00,1,0.053385237
1993-12-05 00:00:00,1993-12-14 00:00:00,10,65.345691364
1993-12-16 00:00:00,1993-12-18 00:00:00,3,2.540366899
1993-12-22 00:00:00,1993-12-27 00:00:00,6,25.785090641999997
1993-12-30 00:00:00,1993-12-30 00:00:00,1,0.014179024
1994-01-08 00:00:00,1994-01-23 00:00:00,16,26.765873003
1994-01-25 00:00:00,1994-02-16 00:00:00,23,91.812933927
1994-02-18 00:00:00,1994-02-22 00:00:00,5,40.704558204
1994-02-25 00:00:00,1994-02-25 00:00:00,1,0.0003994
1994-02-27 00:00:00,1994-03-11 00:00:00,13,133.611755252
1994-03-13 00:00:00,1994-03-13 00:00:00,1,0.000293874
1994-03-16 00:00:00,1994-03-16 00:00:00,1,0.005587074
1994-03-21 00:00:00,1994-04-02 00:00:00,13,18.017305207
1994-04-04 00:00:00,1994-04-08 00:00:00,5,11.268054625000001
1994-04-10 00:00:00,1994-04-12 00:00:00,3,1.07981306
1994-04-16 00:00:00,1994-05-07 00:00:00,22,25.802548064
1994-05-09 00:00:00,1994-05-09 00:00:00,1,0.127465117
1994-05-11 00:00:00,1994-05-12 00:00:00,2,0.202451715
1994-05-22 00:00:00,1994-05-22 00:00:00,1,0.002611442
1994-05-30 00:00:00,1994-06-10 00:00:00,12,36.967951060000004
1994-06-15 00:00:00,1994-06-15 00:00:00,1,0.24915637
1994-06-24 00:00:00,1994-06-24 00:00:00,1,0.43484982
1994-06-29 00:00:00,1994-07-05 00:00:00,7,0.5782728939999999
1994-07-07 00:00:00,1994-07-13 00:00:00,7,18.593042678
1994-07-18 00:00:00,1994-07-18 00:00:00,1,0.07325407
1994-07-28 00:00:00,1994-07-28 00:00:00,1,0.010752041
1994-07-30 00:00:00,1994-08-01 00:00:00,3,1.8165416640000003
1994-08-19 00:00:00,1994-08-19 00:00:00,1,0.043671733
1994-08-21 00:00:00,1994-08-22 00:00:00,2,0.139313044
1994-08-27 00:00:00,1994-09-02 00:00:00,7,3.0038486380000005
1994-09-06 00:00:00,1994-09-06 00:00:00,1,0.057115824
1994-09-08 00:00:00,1994-09-08 00:00:00,1,0.001020652
1994-09-10 00:00:00,1994-09-11 00:00:00,2,13.14162547
1994-09-13 00:00:00,1994-09-14 00:00:00,2,0.44281001600000003
1994-09-30 00:00:00,1994-10-03 00:00:00,4,1.03803731
1994-10-07 00:00:00,1994-10-08 00:00:00,2,10.574534563
1994-10-10 00:00:00,1994-10-10 00:00:00,1,0.613349331
1994-10-12 00:00:00,1994-10-26 00:00:00,15,16.72926431
1994-10-29 00:00:00,1994-11-03 00:00:00,6,11.19325127
1994-11-12 00:00:00,1994-11-12 00:00:00,1,0.005822639
1994-11-14 00:00:00,1994-11-25 00:00:00,12,12.772993012999999
1994-11-27 00:00:00,1994-11-27 00:00:00,1,0.054218935
1994-11-30 00:00:00,1994-12-13 00:00:00,14,26.827422799999997
1994-12-17 00:00:00,1994-12-19 00:00:00,3,2.768009527
1994-12-23 00:00:00,1994-12-27 00:00:00,5,7.429309782999999
1994-12-30 00:00:00,1995-01-12 00:00:00,14,21.343316815
1995-01-16 00:00:00,1995-01-17 00:00:00,2,0.029568502
1995-01-19 00:00:00,1995-01-24 00:00:00,6,27.238813154
1995-01-26 00:00:00,1995-01-26 00:00:00,1,0.000353901
1995-01-28 00:00:00,1995-01-30 00:00:00,3,15.209533123
1995-02-01 00:00:00,1995-02-01 00:00:00,1,0.000171709
1995-02-03 00:00:00,1995-02-07 00:00:00,5,13.984352701
1995-02-09 00:00:00,1995-02-09 00:00:00,1,0.525052182
1995-02-11 00:00:00,1995-02-21 00:00:00,11,157.122472354
1995-02-23 00:00:00,1995-03-03 00:00:00,9,11.282735831
1995-03-06 00:00:00,1995-03-13 00:00:00,8,50.40848571600001
1995-03-17 00:00:00,1995-03-21 00:00:00,5,3.758956537
1995-03-26 00:00:00,1995-03-30 00:00:00,5,31.482800888
1995-04-02 00:00:00,1995-04-07 00:00:00,6,6.277098818999999
1995-04-13 00:00:00,1995-04-18 00:00:00,6,7.742234121999999
1995-04-20 00:00:00,1995-04-23 00:00:00,4,0.6721458819999999
1995-04-25 00:00:00,1995-05-05 00:00:00,11,23.015734828
1995-05-07 00:00:00,1995-05-19 00:00:00,13,6.250300018
1995-05-21 00:00:00,1995-05-22 00:00:00,2,11.642081870999998
1995-05-24 00:00:00,1995-05-26 00:00:00,3,1.8402360070000001
1995-05-31 00:00:00,1995-06-10 00:00:00,11,13.558707491
1995-06-14 00:00:00,1995-06-17 00:00:00,4,27.587391917999998
1995-06-24 00:00:00,1995-07-01 00:00:00,8,3.1953707099999997
1995-07-05 00:00:00,1995-07-10 00:00:00,6,7.5178123910000005
1995-07-12 00:00:00,1995-07-12 00:00:00,1,0.002349452
1995-07-17 00:00:00,1995-07-17 00:00:00,1,0.012565732
1995-08-14 00:00:00,1995-08-20 00:00:00,7,15.486086872
1995-08-22 00:00:00,1995-08-22 00:00:00,1,0.020800766
1995-08-28 00:00:00,1995-08-30 00:00:00,3,0.08862326300000001
1995-09-02 00:00:00,1995-09-06 00:00:00,5,24.74539875
1995-09-10 00:00:00,1995-09-11 00:00:00,2,0.904025762
1995-09-16 00:00:00,1995-09-25 00:00:00,10,7.3462733049999995
1995-10-02 00:00:00,1995-10-04 00:00:00,3,4.339093532
1995-10-08 00:00:00,1995-10-09 00:00:00,2,26.698786349
1995-10-12 00:00:00,1995-10-13 00:00:00,2,0.097199674
1995-10-19 00:00:00,1995-10-19 00:00:00,1,0.009055075
1995-10-22 00:00:00,1995-10-28 00:00:00,7,22.446844567
1995-11-01 00:00:00,1995-11-02 00:00:00,2,0.813633495
1995-11-04 00:00:00,1995-11-13 00:00:00,10,52.375651617
1995-11-15 00:00:00,1995-11-23 00:00:00,9,131.51800316600003
1995-12-02 00:00:00,1995-12-04 00:00:00,3,2.780123252
1995-12-06 00:00:00,1995-12-07 00:00:00,2,16.849105768
1995-12-09 00:00:00,1995-12-09 00:00:00,1,0.002752972
1995-12-11 00:00:00,1995-12-13 00:00:00,3,50.503981474
1995-12-16 00:00:00,1995-12-19 00:00:00,4,16.111709308000002
1995-12-22 00:00:00,1995-12-29 00:00:00,8,69.14027402700002
1995-12-31 00:00:00,1996-01-12 00:00:00,13,162.86368342500003
1996-01-18 00:00:00,1996-01-21 00:00:00,4,5.097414014999999
1996-01-23 00:00:00,1996-02-08 00:00:00,17,101.77685682400003
1996-02-10 00:00:00,1996-02-10 00:00:00,1,7.133722186
1996-02-12 00:00:00,1996-02-17 00:00:00,6,1.821069257
1996-02-19 00:00:00,1996-02-20 00:00:00,2,8.546245532
1996-02-22 00:00:00,1996-03-13 00:00:00,21,31.526269753000005
1996-03-18 00:00:00,1996-03-18 00:00:00,1,0.043652132
1996-03-20 00:00:00,1996-03-21 00:00:00,2,0.6379567850000001
1996-03-23 00:00:00,1996-03-31 00:00:00,9,6.265688711999999
1996-04-09 00:00:00,1996-04-10 00:00:00,2,0.332125979
1996-04-22 00:00:00,1996-05-11 00:00:00,20,215.79351125999997
1996-05-14 00:00:00,1996-05-22 00:00:00,9,16.896522291999997
1996-05-27 00:00:00,1996-05-27 00:00:00,1,0.005221366
1996-05-29 00:00:00,1996-05-29 00:00:00,1,0.395605817
1996-05-31 00:00:00,1996-06-06 00:00:00,7,5.451319703999999
1996-06-08 00:00:00,1996-06-12 00:00:00,5,0.30233791699999996
1996-06-14 00:00:00,1996-06-17 00:00:00,4,8.937179286000001
1996-06-22 00:00:00,1996-06-24 00:00:00,3,0.42434059199999996
1996-06-26 00:00:00,1996-06-27 00:00:00,2,0.100365759
1996-07-02 00:00:00,1996-07-02 00:00:00,1,0.150508644
1996-07-05 00:00:00,1996-07-08 00:00:00,4,1.338772618
1996-07-11 00:00:00,1996-07-14 00:00:00,4,0.771072255
1996-07-27 00:00:00,1996-07-29 00:00:00,3,38.050600334
1996-07-31 00:00:00,1996-08-01 00:00:00,2,0.655974379
1996-08-04 00:00:00,1996-08-04 00:00:00,1,0.040578063
1996-08-06 00:00:00,1996-08-08 00:00:00,3,3.82117835
1996-08-17 00:00:00,1996-08-20 00:00:00,4,14.974856292
1996-08-30 00:00:00,1996-09-03 00:00:00,5,21.649914062
1996-09-10 00:00:00,1996-09-10 00:00:00,1,0.003149779
1996-09-13 00:00:00,1996-09-13 00:00:00,1,0.000171709
1996-09-19 00:00:00,1996-09-21 00:00:00,3,17.241041109
1996-09-23 00:00:00,1996-09-23 00:00:00,1,1.654469066
1996-09-26 00:00:00,1996-09-26 00:00:00,1,0.001201861
1996-09-28 00:00:00,1996-10-02 00:00:00,5,45.332842961
1996-10-05 00:00:00,1996-10-10 00:00:00,6,8.767698215000001
1996-10-13 00:00:00,1996-10-13 00:00:00,1,0.040702639
1996-10-15 00:00:00,1996-10-17 00:00:00,3,0.051564599
1996-10-19 00:00:00,1996-10-21 00:00:00,3,22.512118131
1996-10-23 00:00:00,1996-10-24 00:00:00,2,0.597619665
1996-10-26 00:00:00,1996-10-28 00:00:00,3,0.100554458
1996-10-30 00:00:00,1996-11-10 00:00:00,12,55.180613639
1996-11-17 00:00:00,1996-11-25 00:00:00,9,31.523716976000003
1996-11-29 00:00:00,1996-11-29 00:00:00,1,0.248893741
1996-12-03 00:00:00,1996-12-14 00:00:00,12,51.88648304800001
1996-12-16 00:00:00,1996-12-16 00:00:00,1,0.090209758
1996-12-18 00:00:00,1996-12-19 00:00:00,2,16.395038
1996-12-21 00:00:00,1996-12-24 00:00:00,4,0.7046357919999999
1996-12-26 00:00:00,1996-12-27 00:00:00,2,0.038495452
1996-12-30 00:00:00,1997-01-08 00:00:00,10,31.027048776
1997-01-11 00:00:00,1997-01-13 00:00:00,3,0.30122399800000005
1997-01-18 00:00:00,1997-01-23 00:00:00,6,3.469664498
1997-01-25 00:00:00,1997-02-03 00:00:00,10,25.762392669
1997-02-10 00:00:00,1997-02-21 00:00:00,12,75.49632243700002
1997-02-24 00:00:00,1997-02-28 00:00:00,5,23.135396356
1997-03-04 00:00:00,1997-03-07 00:00:00,4,30.877155529
1997-03-09 00:00:00,1997-03-15 00:00:00,7,2.4599974660000004
1997-03-23 00:00:00,1997-03-24 00:00:00,2,2.42362594
1997-03-26 00:00:00,1997-03-27 00:00:00,2,1.141503037
1997-03-29 00:00:00,1997-04-09 00:00:00,12,13.775957262
1997-04-16 00:00:00,1997-04-22 00:00:00,7,14.251905270000002
1997-04-24 00:00:00,1997-04-24 00:00:00,1,0.102187514
1997-04-26 00:00:00,1997-05-09 00:00:00,14,38.574906967000004
1997-05-14 00:00:00,1997-05-19 00:00:00,6,25.81172318
1997-05-22 00:00:00,1997-05-26 00:00:00,5,4.213149479
1997-05-28 00:00:00,1997-05-29 00:00:00,2,0.123100916
1997-05-31 00:00:00,1997-06-08 00:00:00,9,6.183227434999999
1997-06-10 00:00:00,1997-06-11 00:00:00,2,0.005011246
1997-06-14 00:00:00,1997-06-17 00:00:00,4,6.438881965999999
1997-06-19 00:00:00,1997-06-26 00:00:00,8,4.314906865999999
1997-06-28 00:00:00,1997-06-30 00:00:00,3,2.551996207
1997-07-02 00:00:00,1997-07-02 00:00:00,1,0.010293708
1997-07-05 00:00:00,1997-07-09 00:00:00,5,3.4281776159999997
1997-07-11 00:00:00,1997-07-17 00:00:00,7,10.899617119
1997-07-21 00:00:00,1997-07-22 00:00:00,2,0.01381848
1997-07-24 00:00:00,1997-07-29 00:00:00,6,4.943056163
1997-07-31 00:00:00,1997-08-01 00:00:00,2,0.00114226
1997-08-03 00:00:00,1997-08-03 00:00:00,1,0.016633577
1997-08-05 00:00:00,1997-08-10 00:00:00,6,5.4595417500000005
1997-08-12 00:00:00,1997-08-12 00:00:00,1,0.088415324
1997-08-22 00:00:00,1997-08-24 00:00:00,3,0.11205931899999999
1997-09-01 00:00:00,1997-09-06 00:00:00,6,9.690380267
1997-09-10 00:00:00,1997-09-14 00:00:00,5,0.855160893
1997-09-16 00:00:00,1997-09-16 00:00:00,1,0.020014064
1997-09-18 00:00:00,1997-09-30 00:00:00,13,37.881776136999996
1997-10-06 00:00:00,1997-10-08 00:00:00,3,53.286694022
1997-10-10 00:00:00,1997-10-10 00:00:00,1,0.003455172
1997-10-17 00:00:00,1997-10-17 00:00:00,1,0.022555547
1997-10-20 00:00:00,1997-10-22 00:00:00,3,39.755675578
1997-10-27 00:00:00,1997-11-01 00:00:00,6,15.533574649999998
1997-11-03 00:00:00,1997-11-07 00:00:00,5,28.203044612
1997-11-12 00:00:00,1997-11-21 00:00:00,10,46.379463113
1997-11-29 00:00:00,1997-12-02 00:00:00,4,20.205367543999998
1997-12-08 00:00:00,1997-12-13 00:00:00,6,56.01781471700001
1997-12-15 00:00:00,1997-12-16 00:00:00,2,1.933468979
1997-12-19 00:00:00,1997-12-29 00:00:00,11,35.108853414
1997-12-31 00:00:00,1997-12-31 00:00:00,1,0.005420729
1998-01-02 00:00:00,1998-01-02 00:00:00,1,0.0901373
1998-01-06 00:00:00,1998-01-07 00:00:00,2,0.010250579
1998-01-09 00:00:00,1998-01-22 00:00:00,14,18.121533308
1998-01-25 00:00:00,1998-02-02 00:00:00,9,82.463518537
1998-02-04 00:00:00,1998-02-04 00:00:00,1,0.242887119
1998-02-06 00:00:00,1998-02-19 00:00:00,14,104.74468564999998
1998-02-21 00:00:00,1998-02-23 00:00:00,3,5.238012233
1998-02-26 00:00:00,1998-03-03 00:00:00,6,1.9302309000000002
1998-03-07 00:00:00,1998-03-13 00:00:00,7,0.7541041519999999
1998-03-17 00:00:00,1998-03-17 00:00:00,1,0.587043972
1998-03-19 00:00:00,1998-03-21 00:00:00,3,9.603103547
1998-03-23 00:00:00,1998-03-23 00:00:00,1,0.462285714
1998-03-30 00:00:00,1998-03-30 00:00:00,1,0.468333925
1998-04-02 00:00:00,1998-04-04 00:00:00,3,24.508940050999996
1998-04-06 00:00:00,1998-04-08 00:00:00,3,0.127596469
1998-04-10 00:00:00,1998-04-20 00:00:00,11,63.79680128999999
1998-04-22 00:00:00,1998-04-26 00:00:00,5,32.331129415
1998-04-28 00:00:00,1998-04-29 00:00:00,2,0.01373985
1998-05-01 00:00:00,1998-05-07 00:00:00,7,92.34513086300001
1998-05-10 00:00:00,1998-05-10 00:00:00,1,0.000324438
1998-05-14 00:00:00,1998-05-19 00:00:00,6,22.809072055
1998-05-26 00:00:00,1998-05-26 00:00:00,1,0.292249393
1998-05-30 00:00:00,1998-06-04 00:00:00,6,0.812597898
1998-06-16 00:00:00,1998-06-18 00:00:00,3,1.695507586
1998-06-20 00:00:00,1998-06-23 00:00:00,4,8.618543235
1998-06-28 00:00:00,1998-07-02 00:00:00,5,13.127514962000001
1998-07-04 00:00:00,1998-07-09 00:00:00,6,10.542884438000002
1998-07-12 00:00:00,1998-07-14 00:00:00,3,0.47683274200000003
1998-07-18 00:00:00,1998-07-23 00:00:00,6,8.561124393
1998-07-25 00:00:00,1998-07-29 00:00:00,5,14.12055734
1998-07-31 00:00:00,1998-08-01 00:00:00,2,0.002440458
1998-08-03 00:00:00,1998-08-07 00:00:00,5,33.598985533
1998-08-09 00:00:00,1998-08-10 00:00:00,2,0.003498741
1998-08-14 00:00:00,1998-08-19 00:00:00,6,0.6538577270000001
1998-08-21 00:00:00,1998-09-16 00:00:00,27,126.133711029
1998-09-20 00:00:00,1998-09-29 00:00:00,10,28.403460968
1998-10-02 00:00:00,1998-10-02 00:00:00,1,0.010925654
1998-10-06 00:00:00,1998-10-07 00:00:00,2,1.141564474
1998-10-09 00:00:00,1998-10-11 00:00:00,3,2.642382745
1998-10-13 00:00:00,1998-10-14 00:00:00,2,5.4113270490000005
1998-10-23 00:00:00,1998-10-23 00:00:00,1,0.000171709
1998-10-25 00:00:00,1998-10-27 00:00:00,3,6.131438126
1998-10-30 00:00:00,1998-11-02 00:00:00,4,1.80754173
1998-11-06 00:00:00,1998-11-07 00:00:00,2,0.133472859
1998-11-09 00:00:00,1998-11-19 00:00:00,11,52.008789533999995
1998-11-22 00:00:00,1998-11-27 00:00:00,6,35.23464521699999
1998-11-29 00:00:00,1998-12-02 00:00:00,4,5.833822849000001
1998-12-05 00:00:00,1998-12-09 00:00:00,5,10.370143706
1998-12-12 00:00:00,1998-12-22 00:00:00,11,65.200531426
1998-12-24 00:00:00,1998-12-25 00:00:00,2,5.830068738
1998-12-27 00:00:00,1998-12-27 00:00:00,1,0.017587491
1998-12-29 00:00:00,1999-01-08 00:00:00,11,56.526338506
1999-01-10 00:00:00,1999-01-13 00:00:00,4,41.488942802
1999-01-15 00:00:00,1999-01-15 00:00:00,1,0.406172871
1999-01-21 00:00:00,1999-01-22 00:00:00,2,1.289623271
1999-01-25 00:00:00,1999-02-05 00:00:00,12,43.218040568999996
1999-02-07 00:00:00,1999-02-16 00:00:00,10,303.97414168700004
1999-02-19 00:00:00,1999-02-23 00:00:00,5,0.2114702
1999-02-25 00:00:00,1999-03-06 00:00:00,10,80.127324786
1999-03-09 00:00:00,1999-03-26 00:00:00,18,15.030019253
1999-03-29 00:00:00,1999-03-30 00:00:00,2,0.032638162
1999-04-01 00:00:00,1999-04-01 00:00:00,1,0.094900164
1999-04-03 00:00:00,1999-04-06 00:00:00,4,7.634284611
1999-04-08 00:00:00,1999-04-16 00:00:00,9,3.976171541
1999-04-18 00:00:00,1999-04-19 00:00:00,2,2.4381791379999997
1999-04-30 00:00:00,1999-04-30 00:00:00,1,0.007271103
1999-05-02 00:00:00,1999-05-14 00:00:00,13,33.577705986000005
1999-05-19 00:00:00,1999-05-25 00:00:00,7,13.871860376
1999-05-28 00:00:00,1999-05-29 00:00:00,2,0.036695552
1999-06-01 00:00:00,1999-06-11 00:00:00,11,28.655239077
1999-06-15 00:00:00,1999-06-16 00:00:00,2,0.009686080000000001
1999-06-24 00:00:00,1999-06-25 00:00:00,2,17.823200315
1999-06-27 00:00:00,1999-07-02 00:00:00,6,54.148245341
1999-07-04 00:00:00,1999-07-06 00:00:00,3,1.428754599
1999-07-09 00:00:00,1999-07-18 00:00:00,10,15.723999259000001
1999-07-21 00:00:00,1999-07-21 00:00:00,1,0.01075704
1999-07-24 00:00:00,1999-08-03 00:00:00,11,41.171561315999995
1999-08-05 00:00:00,1999-08-05 00:00:00,1,0.000247243
1999-08-07 00:00:00,1999-08-10 00:00:00,4,2.319661352
1999-08-14 00:00:00,1999-08-14 00:00:00,1,0.195615417
1999-08-23 00:00:00,1999-09-12 00:00:00,21,70.61691064599998
1999-09-18 00:00:00,1999-09-18 00:00:00,1,0.017938845
1999-09-21 00:00:00,1999-09-23 00:00:00,3,0.623639882
1999-09-27 00:00:00,1999-10-06 00:00:00,10,35.763144358
1999-10-14 00:00:00,1999-10-15 00:00:00,2,36.97844232
1999-10-18 00:00:00,1999-10-18 00:00:00,1,0.067569088
1999-10-20 00:00:00,1999-10-25 00:00:00,6,5.193137631999999
1999-10-28 00:00:00,1999-10-28 00:00:00,1,29.78597001
1999-11-01 00:00:00,1999-11-03 00:00:00,3,9.350547322
1999-11-07 00:00:00,1999-11-09 00:00:00,3,35.462078358
1999-11-13 00:00:00,1999-11-13 00:00:00,1,0.303442351
1999-11-17 00:00:00,1999-11-17 00:00:00,1,2.822090654
1999-11-19 00:00:00,1999-11-26 00:00:00,8,14.347963879
1999-11-28 00:00:00,1999-11-29 00:00:00,2,2.582053599
1999-12-03 00:00:00,1999-12-03 00:00:00,1,0.108980892
1999-12-05 00:00:00,1999-12-05 00:00:00,1,0.000171709
1999-12-11 00:00:00,1999-12-20 00:00:00,10,122.22633760699999
1999-12-23 00:00:00,1999-12-25 00:00:00,3,0.71957191
1999-12-27 00:00:00,2000-01-20 00:00:00,25,105.51963692699998
2000-01-22 00:00:00,2000-02-19 00:00:00,29,67.97267594200002
2000-02-21 00:00:00,2000-03-06 00:00:00,15,17.013221365
2000-03-08 00:00:00,2000-03-13 00:00:00,6,24.170630461000002
2000-03-17 00:00:00,2000-03-24 00:00:00,8,11.798429385999999
2000-03-28 00:00:00,2000-03-31 00:00:00,4,0.8232154819999999
2000-04-02 00:00:00,2000-04-03 00:00:00,2,0.050347262
2000-04-06 00:00:00,2000-04-14 00:00:00,9,13.841633913999999
2000-04-18 00:00:00,2000-04-19 00:00:00,2,0.553143086
2000-04-21 00:00:00,2000-04-22 00:00:00,2,0.20970550699999999
2000-04-24 00:00:00,2000-05-11 00:00:00,18,57.322552878
2000-05-16 00:00:00,2000-05-28 00:00:00,13,13.082637318000002
2000-06-09 00:00:00,2000-06-23 00:00:00,15,39.017680083000016
2000-06-26 00:00:00,2000-06-29 00:00:00,4,0.892055986
2000-07-01 00:00:00,2000-07-01 00:00:00,1,0.000171709
2000-07-04 00:00:00,2000-07-06 00:00:00,3,2.411298493
2000-07-10 00:00:00,2000-07-13 00:00:00,4,7.047265907000001
2000-07-16 00:00:00,2000-07-16 00:00:00,1,0.003932242
2000-07-26 00:00:00,2000-08-10 00:00:00,16,11.68012103
2000-08-13 00:00:00,2000-08-16 00:00:00,4,0.082762448
2000-08-24 00:00:00,2000-08-25 00:00:00,2,0.007947004
2000-08-29 00:00:00,2000-08-29 00:00:00,1,0.021724106
2000-08-31 00:00:00,2000-09-03 00:00:00,4,0.852287961
2000-09-27 00:00:00,2000-09-28 00:00:00,2,0.679536303
2000-10-11 00:00:00,2000-10-15 00:00:00,5,20.248501673
2000-10-18 00:00:00,2000-10-20 00:00:00,3,0.331889786
2000-10-22 00:00:00,2000-10-28 00:00:00,7,29.345997843999996
2000-10-30 00:00:00,2000-11-10 00:00:00,12,138.21970954600002
2000-11-12 00:00:00,2000-11-24 00:00:00,13,28.336540747999997
2000-11-27 00:00:00,2000-11-28 00:00:00,2,0.103191949
2000-12-01 00:00:00,2000-12-02 00:00:00,2,0.7838975720000001
2000-12-04 00:00:00,2000-12-04 00:00:00,1,0.042058989
2000-12-08 00:00:00,2000-12-10 00:00:00,3,3.929415725
2000-12-13 00:00:00,2000-12-17 00:00:00,5,32.518753681
2000-12-25 00:00:00,2001-01-02 00:00:00,9,74.62073391499999
2001-01-09 00:00:00,2001-01-09 00:00:00,1,10.47989959
2001-01-18 00:00:00,2001-01-22 00:00:00,5,19.841213012
2001-01-26 00:00:00,2001-01-26 00:00:00,1,0.088853727
2001-01-28 00:00:00,2001-02-05 00:00:00,9,216.595399009
2001-02-07 00:00:00,2001-02-10 00:00:00,4,8.641311663000002
2001-02-13 00:00:00,2001-02-13 00:00:00,1,2.9e-05
2001-02-17 00:00:00,2001-02-22 00:00:00,6,3.0739545169999998
2001-02-24 00:00:00,2001-02-24 00:00:00,1,0.018264804
2001-02-26 00:00:00,2001-02-26 00:00:00,1,0.052595959
2001-02-28 00:00:00,2001-02-28 00:00:00,1,0.002444246
2001-03-02 00:00:00,2001-03-03 00:00:00,2,0.044464225
2001-03-05 00:00:00,2001-03-05 00:00:00,1,0.035695974
2001-03-07 00:00:00,2001-03-17 00:00:00,11,46.400545675
2001-03-19 00:00:00,2001-03-22 00:00:00,4,9.469799166000001
2001-03-26 00:00:00,2001-04-09 00:00:00,15,8.555112788
2001-04-11 00:00:00,2001-04-11 00:00:00,1,0.000529733
2001-04-13 00:00:00,2001-04-15 00:00:00,3,0.918360453
2001-04-17 00:00:00,2001-04-17 00:00:00,1,0.058828879
2001-04-19 00:00:00,2001-04-19 00:00:00,1,0.000171709
2001-04-21 00:00:00,2001-05-03 00:00:00,13,69.38955048499999
2001-05-05 00:00:00,2001-05-08 00:00:00,4,6.770304488
2001-05-17 00:00:00,2001-05-24 00:00:00,8,11.194659261
2001-06-01 00:00:00,2001-06-01 00:00:00,1,0.046762348
2001-06-03 00:00:00,2001-06-10 00:00:00,8,3.8444043430000003
2001-06-13 00:00:00,2001-06-13 00:00:00,1,0.062309403
2001-06-20 00:00:00,2001-06-21 00:00:00,2,1.051788226
2001-06-28 00:00:00,2001-07-04 00:00:00,7,7.058629525
2001-07-06 00:00:00,2001-07-07 00:00:00,2,0.248416753
2001-07-13 00:00:00,2001-07-14 00:00:00,2,0.057557311
2001-07-24 00:00:00,2001-07-29 00:00:00,6,38.569733021000005
2001-07-31 00:00:00,2001-07-31 00:00:00,1,0.0025841
2001-08-03 00:00:00,2001-08-05 00:00:00,3,0.727555951
2001-08-15 00:00:00,2001-08-15 00:00:00,1,0.327410506
2001-08-26 00:00:00,2001-08-27 00:00:00,2,5.90498832
2001-09-02 00:00:00,2001-09-02 00:00:00,1,10.81381102
2001-09-06 00:00:00,2001-09-06 00:00:00,1,0.001496014
2001-09-08 00:00:00,2001-09-09 00:00:00,2,8.318597683
2001-09-12 00:00:00,2001-09-13 00:00:00,2,0.9640126010000001
2001-09-15 00:00:00,2001-09-16 00:00:00,2,0.174965231
2001-09-20 00:00:00,2001-09-20 00:00:00,1,0.082087318
2001-09-22 00:00:00,2001-09-25 00:00:00,4,1.260607639
2001-10-04 00:00:00,2001-10-05 00:00:00,2,0.44338604200000004
2001-10-10 00:00:00,2001-10-12 00:00:00,3,1.198749064
2001-10-14 00:00:00,2001-10-15 00:00:00,2,11.196888684
2001-10-17 00:00:00,2001-10-19 00:00:00,3,21.00993237
2001-10-26 00:00:00,2001-10-27 00:00:00,2,18.321484446
2001-10-29 00:00:00,2001-10-30 00:00:00,2,0.7263720419999999
2001-11-04 00:00:00,2001-11-04 00:00:00,1,0.010665794
2001-11-07 00:00:00,2001-11-12 00:00:00,6,135.041750598
2001-11-15 00:00:00,2001-11-20 00:00:00,6,16.274350889
2001-11-25 00:00:00,2001-11-29 00:00:00,5,37.898707051
2001-12-01 00:00:00,2001-12-01 00:00:00,1,9.49e-06
2001-12-03 00:00:00,2001-12-03 00:00:00,1,1.030932175
2001-12-06 00:00:00,2001-12-08 00:00:00,3,60.884674862000004
2001-12-10 00:00:00,2001-12-11 00:00:00,2,5.906192408000001
2001-12-13 00:00:00,2001-12-14 00:00:00,2,0.41676815300000003
2001-12-16 00:00:00,2001-12-18 00:00:00,3,21.119620038999997
2001-12-20 00:00:00,2001-12-20 00:00:00,1,0.05948874
2001-12-22 00:00:00,2001-12-23 00:00:00,2,0.036730588
2001-12-30 00:00:00,2002-01-02 00:00:00,4,14.073602814
2002-01-05 00:00:00,2002-01-09 00:00:00,5,3.8530094900000007
2002-01-16 00:00:00,2002-01-17 00:00:00,2,9.789958232
2002-01-23 00:00:00,2002-01-23 00:00:00,1,1.551957424
2002-01-25 00:00:00,2002-01-26 00:00:00,2,0.37712337100000004
2002-01-28 00:00:00,2002-01-28 00:00:00,1,0.018698448
2002-02-02 00:00:00,2002-02-11 00:00:00,10,76.48246913700001
2002-02-15 00:00:00,2002-02-17 00:00:00,3,0.40589920399999996
2002-02-19 00:00:00,2002-02-20 00:00:00,2,0.182195089
2002-02-23 00:00:00,2002-03-04 00:00:00,10,35.762433486
2002-03-07 00:00:00,2002-03-07 00:00:00,1,0.044275136
2002-03-09 00:00:00,2002-03-10 00:00:00,2,0.018429081
2002-03-22 00:00:00,2002-04-04 00:00:00,14,51.138581645
2002-04-06 00:00:00,2002-04-06 00:00:00,1,0.028439222
2002-04-08 00:00:00,2002-04-09 00:00:00,2,0.015659542
2002-04-11 00:00:00,2002-04-11 00:00:00,1,0.058136935
2002-04-13 00:00:00,2002-04-18 00:00:00,6,7.220195953999999
2002-04-27 00:00:00,2002-05-11 00:00:00,15,11.884977945999998
2002-05-20 00:00:00,2002-05-20 00:00:00,1,0.01789876
2002-05-24 00:00:00,2002-05-26 00:00:00,3,7.47216053
2002-05-29 00:00:00,2002-05-30 00:00:00,2,7.206810949
2002-06-02 00:00:00,2002-06-10 00:00:00,9,35.864618014
2002-06-16 00:00:00,2002-06-19 00:00:00,4,15.21916862
2002-06-27 00:00:00,2002-06-27 00:00:00,1,0.722496336
2002-07-11 00:00:00,2002-07-11 00:00:00,1,0.016110303
2002-07-20 00:00:00,2002-07-22 00:00:00,3,0.101091292
2002-07-30 00:00:00,2002-07-31 00:00:00,2,0.054489426
2002-08-03 00:00:00,2002-08-03 00:00:00,1,0.054158313
2002-08-12 00:00:00,2002-08-12 00:00:00,1,0.023812773
2002-08-15 00:00:00,2002-08-15 00:00:00,1,0.014797537
2002-08-17 00:00:00,2002-08-28 00:00:00,12,68.980066669
2002-08-30 00:00:00,2002-08-30 00:00:00,1,4.78e-07
2002-09-01 00:00:00,2002-09-01 00:00:00,1,0.014209107
2002-09-06 00:00:00,2002-09-10 00:00:00,5,1.5117344940000002
2002-09-12 00:00:00,2002-09-12 00:00:00,1,0.209676083
2002-09-14 00:00:00,2002-09-14 00:00:00,1,0.042565651
2002-09-17 00:00:00,2002-09-18 00:00:00,2,2.422603495
2002-09-22 00:00:00,2002-09-24 00:00:00,3,1.319558158
2002-09-29 00:00:00,2002-09-30 00:00:00,2,0.014361735
2002-10-09 00:00:00,2002-10-14 00:00:00,6,12.638197153
2002-10-21 00:00:00,2002-10-21 00:00:00,1,0.689517905
2002-10-23 00:00:00,2002-10-23 00:00:00,1,0.150432115
2002-10-26 00:00:00,2002-10-29 00:00:00,4,29.427347607999998
2002-11-03 00:00:00,2002-11-03 00:00:00,1,0.000171709
2002-11-05 00:00:00,2002-11-05 00:00:00,1,1.536435151
2002-11-07 00:00:00,2002-11-07 00:00:00,1,0.045136622
2002-11-12 00:00:00,2002-11-12 00:00:00,1,3.12423074
2002-11-14 00:00:00,2002-11-18 00:00:00,5,14.686386336999998
2002-11-29 00:00:00,2002-12-05 00:00:00,7,15.121846682
2002-12-09 00:00:00,2002-12-11 00:00:00,3,40.727589136
2002-12-19 00:00:00,2002-12-19 00:00:00,1,0.003064477
2002-12-21 00:00:00,2002-12-22 00:00:00,2,1.101005517
2002-12-24 00:00:00,2002-12-30 00:00:00,7,50.280663047
2003-01-02 00:00:00,2003-01-06 00:00:00,5,0.933346741
2003-01-13 00:00:00,2003-01-13 00:00:00,1,0.199084321
2003-01-16 00:00:00,2003-01-16 00:00:00,1,0.012661314
2003-01-22 00:00:00,2003-01-24 00:00:00,3,0.7332980490000001
2003-02-01 00:00:00,2003-02-12 00:00:00,12,60.035076854
2003-02-14 00:00:00,2003-02-15 00:00:00,2,4.970547598
2003-02-18 00:00:00,2003-03-03 00:00:00,14,138.04754309900002
2003-03-05 00:00:00,2003-03-09 00:00:00,5,1.0575846699999998
2003-03-11 00:00:00,2003-03-15 00:00:00,5,15.07433449
2003-03-17 00:00:00,2003-04-08 00:00:00,23,53.580130297
2003-04-10 00:00:00,2003-04-15 00:00:00,6,7.816453255000001
2003-04-17 00:00:00,2003-04-18 00:00:00,2,0.13724268
2003-04-23 00:00:00,2003-04-30 00:00:00,8,20.204341438000004
2003-05-02 00:00:00,2003-05-03 00:00:00,2,26.222591436
2003-05-06 00:00:00,2003-05-09 00:00:00,4,1.103221958
2003-05-13 00:00:00,2003-05-16 00:00:00,4,6.674238239
2003-05-20 00:00:00,2003-05-20 00:00:00,1,0.050843179
2003-05-22 00:00:00,2003-05-22 00:00:00,1,0.000897125
2003-05-28 00:00:00,2003-06-06 00:00:00,10,49.80443230699999
2003-06-10 00:00:00,2003-06-10 00:00:00,1,0.06988026
2003-06-12 00:00:00,2003-06-14 00:00:00,3,0.052682836
2003-06-18 00:00:00,2003-06-18 00:00:00,1,0.005247962
2003-06-21 00:00:00,2003-06-22 00:00:00,2,1.7842950439999998
2003-06-25 00:00:00,2003-06-28 00:00:00,4,5.010322012
2003-06-30 00:00:00,2003-07-04 00:00:00,5,8.046379258
2003-07-06 00:00:00,2003-07-08 00:00:00,3,0.022911357
2003-07-10 00:00:00,2003-07-19 00:00:00,10,9.380219157000003
2003-07-21 00:00:00,2003-07-25 00:00:00,5,2.917975879
2003-08-06 00:00:00,2003-08-06 00:00:00,1,0.004839537
2003-08-08 00:00:00,2003-08-10 00:00:00,3,12.106044739
2003-08-14 00:00:00,2003-08-19 00:00:00,6,10.652651145
2003-08-22 00:00:00,2003-08-25 00:00:00,4,6.472129629000001
2003-08-29 00:00:00,2003-08-30 00:00:00,2,0.07796125500000001
2003-09-01 00:00:00,2003-09-01 00:00:00,1,0.847334908
2003-09-27 00:00:00,2003-09-27 00:00:00,1,3.746390794
2003-10-01 00:00:00,2003-10-11 00:00:00,11,56.93280153800001
2003-10-13 00:00:00,2003-10-13 00:00:00,1,0.028276292
2003-10-17 00:00:00,2003-10-21 00:00:00,5,13.071482319
2003-10-23 00:00:00,2003-10-29 00:00:00,7,17.672766418000002
2003-11-01 00:00:00,2003-11-01 00:00:00,1,8.579120225
2003-11-08 00:00:00,2003-11-11 00:00:00,4,1.2792534020000002
2003-11-13 00:00:00,2003-11-14 00:00:00,2,0.213201177
2003-11-18 00:00:00,2003-11-20 00:00:00,3,0.26484302299999996
2003-11-22 00:00:00,2003-11-24 00:00:00,3,8.869318837
2003-11-26 00:00:00,2003-11-26 00:00:00,1,0.005531753
2003-11-28 00:00:00,2003-11-28 00:00:00,1,4.78e-07
2003-12-03 00:00:00,2003-12-10 00:00:00,8,79.22463514
2003-12-13 00:00:00,2003-12-17 00:00:00,5,22.75953465
2003-12-24 00:00:00,2003-12-24 00:00:00,1,0.318485994
2003-12-26 00:00:00,2003-12-29 00:00:00,4,13.682568444
2003-12-31 00:00:00,2003-12-31 00:00:00,1,0.000664171
2004-01-03 00:00:00,2004-01-06 00:00:00,4,11.531253682
2004-01-08 00:00:00,2004-01-22 00:00:00,15,163.245742768
2004-01-25 00:00:00,2004-01-31 00:00:00,7,56.19220809
2004-02-03 00:00:00,2004-02-06 00:00:00,4,54.479588259
2004-02-09 00:00:00,2004-02-10 00:00:00,2,0.041686568
2004-02-13 00:00:00,2004-02-13 00:00:00,1,0.00072864
2004-02-16 00:00:00,2004-02-17 00:00:00,2,2.094279745
2004-02-21 00:00:00,2004-02-21 00:00:00,1,0.018608752
2004-02-23 00:00:00,2004-02-27 00:00:00,5,61.73135528600001
2004-03-03 00:00:00,2004-03-09 00:00:00,7,77.79547608499999
2004-03-11 00:00:00,2004-03-24 00:00:00,14,21.967876009
2004-03-28 00:00:00,2004-04-01 00:00:00,5,0.348659173
2004-04-03 00:00:00,2004-04-08 00:00:00,6,6.634205092000001
2004-04-10 00:00:00,2004-04-10 00:00:00,1,0.157579281
2004-04-12 00:00:00,2004-04-12 00:00:00,1,0.005247962
2004-04-17 00:00:00,2004-04-23 00:00:00,7,10.436303857999999
2004-04-27 00:00:00,2004-05-01 00:00:00,5,25.880028166
2004-05-04 00:00:00,2004-05-04 00:00:00,1,0.005247962
2004-05-06 00:00:00,2004-05-11 00:00:00,6,11.570390181
2004-05-24 00:00:00,2004-05-27 00:00:00,4,4.630418723
2004-05-30 00:00:00,2004-06-11 00:00:00,13,4.079750013000001
2004-06-15 00:00:00,2004-06-15 00:00:00,1,0.003824154
2004-06-20 00:00:00,2004-06-20 00:00:00,1,0.000162219
2004-06-25 00:00:00,2004-06-25 00:00:00,1,0.004536947
2004-06-27 00:00:00,2004-06-27 00:00:00,1,5.4e-05
2004-07-04 00:00:00,2004-07-04 00:00:00,1,0.005159401
2004-07-10 00:00:00,2004-07-13 00:00:00,4,1.710059106
2004-07-17 00:00:00,2004-07-21 00:00:00,5,0.07024925800000001
2004-07-27 00:00:00,2004-07-29 00:00:00,3,2.759467658
2004-07-31 00:00:00,2004-07-31 00:00:00,1,0.181594779
2004-08-03 00:00:00,2004-08-04 00:00:00,2,2.379888658
2004-08-18 00:00:00,2004-08-19 00:00:00,2,6.120171838
2004-08-29 00:00:00,2004-08-29 00:00:00,1,0.553966009
2004-08-31 00:00:00,2004-09-02 00:00:00,3,14.817176646000002
2004-09-04 00:00:00,2004-09-14 00:00:00,11,7.580608668
2004-09-20 00:00:00,2004-09-20 00:00:00,1,0.276000315
2004-09-23 00:00:00,2004-09-23 00:00:00,1,0.005247962
2004-09-25 00:00:00,2004-09-25 00:00:00,1,0.020898927
2004-09-29 00:00:00,2004-09-29 00:00:00,1,0.796631928
2004-10-02 00:00:00,2004-10-02 00:00:00,1,1.885894015
2004-10-06 00:00:00,2004-10-06 00:00:00,1,0.235525032
2004-10-17 00:00:00,2004-10-22 00:00:00,6,39.617259981
2004-10-25 00:00:00,2004-10-28 00:00:00,4,1.229702143
2004-10-30 00:00:00,2004-10-31 00:00:00,2,0.243345057
2004-11-04 00:00:00,2004-11-12 00:00:00,9,102.543584606
2004-11-16 00:00:00,2004-11-23 00:00:00,8,26.392082351
2004-11-26 00:00:00,2004-11-27 00:00:00,2,0.026796665
2004-11-29 00:00:00,2004-11-29 00:00:00,1,0.005247962
2004-12-03 00:00:00,2004-12-14 00:00:00,12,93.434979164
2004-12-16 00:00:00,2004-12-18 00:00:00,3,0.6476365749999999
2004-12-21 00:00:00,2004-12-29 00:00:00,9,34.30581040599999
2005-01-05 00:00:00,2005-01-07 00:00:00,3,25.998068614999998
2005-01-09 00:00:00,2005-01-10 00:00:00,2,0.030333275
2005-01-13 00:00:00,2005-01-13 00:00:00,1,0.000162219
2005-01-15 00:00:00,2005-01-20 00:00:00,6,25.650428409
2005-01-22 00:00:00,2005-01-28 00:00:00,7,59.502799769999996
2005-01-30 00:00:00,2005-02-03 00:00:00,5,11.115011004
2005-02-09 00:00:00,2005-02-11 00:00:00,3,3.237433322
2005-02-14 00:00:00,2005-02-16 00:00:00,3,0.477854188
2005-02-18 00:00:00,2005-02-19 00:00:00,2,0.160832587
2005-02-21 00:00:00,2005-02-23 00:00:00,3,0.23510258299999998
2005-02-25 00:00:00,2005-02-26 00:00:00,2,1.99444246
2005-02-28 00:00:00,2005-03-01 00:00:00,2,0.041341166
2005-03-03 00:00:00,2005-03-03 00:00:00,1,0.030253943
2005-03-06 00:00:00,2005-03-11 00:00:00,6,9.123883562
2005-03-13 00:00:00,2005-03-16 00:00:00,4,0.15473093200000002
2005-03-18 00:00:00,2005-03-22 00:00:00,5,5.676836133999999
2005-03-25 00:00:00,2005-03-27 00:00:00,3,1.2226485
2005-03-29 00:00:00,2005-04-01 00:00:00,4,2.5940483609999996
2005-04-03 00:00:00,2005-04-03 00:00:00,1,0.001389311
2005-04-05 00:00:00,2005-04-16 00:00:00,12,10.458052299
2005-04-18 00:00:00,2005-04-18 00:00:00,1,0.026563286
2005-04-20 00:00:00,2005-04-29 00:00:00,10,8.209844004999999
2005-05-02 00:00:00,2005-05-14 00:00:00,13,39.393201004999995
2005-05-18 00:00:00,2005-05-21 00:00:00,4,4.002691142
2005-05-23 00:00:00,2005-05-23 00:00:00,1,0.006180808
2005-05-26 00:00:00,2005-05-27 00:00:00,2,0.72637642
2005-06-01 00:00:00,2005-06-06 00:00:00,6,0.530139218
2005-06-08 00:00:00,2005-06-16 00:00:00,9,25.380007688
2005-06-19 00:00:00,2005-06-22 00:00:00,4,32.501260752
2005-06-24 00:00:00,2005-06-24 00:00:00,1,0.043720719
2005-06-26 00:00:00,2005-07-03 00:00:00,8,37.298971757000004
2005-07-05 00:00:00,2005-07-10 00:00:00,6,0.205123979
2005-07-12 00:00:00,2005-07-15 00:00:00,4,1.1846410349999998
2005-07-19 00:00:00,2005-07-26 00:00:00,8,4.031219507
2005-08-02 00:00:00,2005-08-03 00:00:00,2,0.013763425
2005-08-05 00:00:00,2005-08-05 00:00:00,1,3.233765895
2005-08-10 00:00:00,2005-08-10 00:00:00,1,2.27e-05
2005-08-12 00:00:00,2005-08-14 00:00:00,3,1.3847363009999998
2005-08-29 00:00:00,2005-08-31 00:00:00,3,2.364902711
2005-09-02 00:00:00,2005-09-02 00:00:00,1,0.005247962
2005-09-05 00:00:00,2005-09-06 00:00:00,2,2.972850537
2005-09-11 00:00:00,2005-09-12 00:00:00,2,10.329306389
2005-09-17 00:00:00,2005-09-17 00:00:00,1,6.648219369
2005-09-26 00:00:00,2005-10-02 00:00:00,7,15.320502933000002
2005-10-14 00:00:00,2005-10-29 00:00:00,16,130.005969957
2005-10-31 00:00:00,2005-10-31 00:00:00,1,0.036990164
2005-11-02 00:00:00,2005-11-07 00:00:00,6,23.10277612
2005-11-10 00:00:00,2005-11-11 00:00:00,2,3.093870834
2005-11-13 00:00:00,2005-11-16 00:00:00,4,19.553666572
2005-11-21 00:00:00,2005-12-03 00:00:00,13,93.564050129
2005-12-08 00:00:00,2005-12-10 00:00:00,3,14.675172184000001
2005-12-14 00:00:00,2005-12-15 00:00:00,2,1.201786583
2005-12-17 00:00:00,2005-12-19 00:00:00,3,16.417926748
2005-12-26 00:00:00,2005-12-30 00:00:00,5,15.478926298
2006-01-02 00:00:00,2006-01-13 00:00:00,12,82.40776647099999
2006-01-16 00:00:00,2006-01-30 00:00:00,15,24.222943254000004
2006-02-04 00:00:00,2006-02-08 00:00:00,5,0.577666819
2006-02-11 00:00:00,2006-03-09 00:00:00,27,78.077473861
2006-03-11 00:00:00,2006-03-14 00:00:00,4,0.642764916
2006-03-21 00:00:00,2006-03-25 00:00:00,5,7.4481232109999995
2006-03-27 00:00:00,2006-03-27 00:00:00,1,0.001597239
2006-03-30 00:00:00,2006-04-01 00:00:00,3,9.013569977
2006-04-04 00:00:00,2006-04-07 00:00:00,4,3.418114537
2006-04-14 00:00:00,2006-04-14 00:00:00,1,0.01844656
2006-04-16 00:00:00,2006-04-17 00:00:00,2,0.122699749
2006-04-20 00:00:00,2006-04-20 00:00:00,1,0.00595956
2006-04-23 00:00:00,2006-04-25 00:00:00,3,0.012756491000000002
2006-04-30 00:00:00,2006-05-01 00:00:00,2,3.601044194
2006-05-10 00:00:00,2006-05-10 00:00:00,1,0.012021572
2006-05-15 00:00:00,2006-05-20 00:00:00,6,1.4710581559999996
2006-05-23 00:00:00,2006-05-24 00:00:00,2,5.072753614
2006-05-29 00:00:00,2006-05-29 00:00:00,1,1.583365409
2006-06-07 00:00:00,2006-06-12 00:00:00,6,9.858675953
2006-06-14 00:00:00,2006-06-16 00:00:00,3,0.023451912
2006-06-18 00:00:00,2006-06-27 00:00:00,10,2.7976739000000004
2006-06-29 00:00:00,2006-06-30 00:00:00,2,0.259166002
2006-07-03 00:00:00,2006-07-04 00:00:00,2,0.131709435
2006-07-14 00:00:00,2006-07-20 00:00:00,7,8.278459082000001
2006-07-22 00:00:00,2006-07-29 00:00:00,8,34.157867235
2006-08-01 00:00:00,2006-08-01 00:00:00,1,1.330453147
2006-08-06 00:00:00,2006-08-06 00:00:00,1,0.096410471
2006-08-22 00:00:00,2006-08-22 00:00:00,1,0.012686788
2006-08-26 00:00:00,2006-08-26 00:00:00,1,0.005247962
2006-08-28 00:00:00,2006-09-02 00:00:00,6,29.200720354
2006-09-04 00:00:00,2006-09-07 00:00:00,4,0.313021443
2006-09-10 00:00:00,2006-09-19 00:00:00,10,39.234387802
2006-09-26 00:00:00,2006-09-29 00:00:00,4,9.739362256999998
2006-10-02 00:00:00,2006-10-02 00:00:00,1,0.000171709
2006-10-10 00:00:00,2006-10-12 00:00:00,3,0.289618495
2006-10-17 00:00:00,2006-10-18 00:00:00,2,0.443054533
2006-10-20 00:00:00,2006-10-22 00:00:00,3,15.456473178000001
2006-10-28 00:00:00,2006-10-28 00:00:00,1,0.008387012
2006-10-31 00:00:00,2006-11-16 00:00:00,17,49.602514202
2006-11-30 00:00:00,2006-12-05 00:00:00,6,10.273609179
2006-12-08 00:00:00,2006-12-10 00:00:00,3,0.15017223200000002
2006-12-12 00:00:00,2006-12-14 00:00:00,3,10.295867751
2006-12-16 00:00:00,2006-12-17 00:00:00,2,40.21142433
2006-12-22 00:00:00,2006-12-23 00:00:00,2,0.079207637
2006-12-26 00:00:00,2006-12-30 00:00:00,5,32.957150544
2007-01-02 00:00:00,2007-01-06 00:00:00,5,10.058481259
2007-01-09 00:00:00,2007-01-14 00:00:00,6,1.634909207
2007-01-16 00:00:00,2007-01-19 00:00:00,4,1.940895624
2007-01-23 00:00:00,2007-01-27 00:00:00,5,38.531005830000005
2007-01-30 00:00:00,2007-01-31 00:00:00,2,5.139207368999999
2007-02-02 00:00:00,2007-02-04 00:00:00,3,3.2218483169999996
2007-02-09 00:00:00,2007-02-09 00:00:00,1,0.004644423
2007-02-11 00:00:00,2007-02-26 00:00:00,16,37.727210422000006
2007-02-28 00:00:00,2007-03-03 00:00:00,4,2.648490559
2007-03-05 00:00:00,2007-03-11 00:00:00,7,37.843686167
2007-03-14 00:00:00,2007-03-15 00:00:00,2,0.026791263000000003
2007-03-20 00:00:00,2007-03-20 00:00:00,1,0.000247243
2007-03-22 00:00:00,2007-03-26 00:00:00,5,10.650365169
2007-03-29 00:00:00,2007-03-29 00:00:00,1,0.000171709
2007-04-02 00:00:00,2007-04-03 00:00:00,2,0.090932332
2007-04-07 00:00:00,2007-04-07 00:00:00,1,1.508920136
2007-04-09 00:00:00,2007-04-10 00:00:00,2,0.048797744000000004
2007-04-13 00:00:00,2007-04-13 00:00:00,1,0.002758128
2007-04-17 00:00:00,2007-04-17 00:00:00,1,0.043114859
2007-04-21 00:00:00,2007-04-24 00:00:00,4,3.994551641
2007-04-26 00:00:00,2007-04-27 00:00:00,2,3.683370515
2007-04-29 00:00:00,2007-04-29 00:00:00,1,5.659732101
2007-05-01 00:00:00,2007-05-01 00:00:00,1,0.36768144
2007-05-05 00:00:00,2007-05-05 00:00:00,1,0.01195551
2007-05-08 00:00:00,2007-05-19 00:00:00,12,3.433878074999999
2007-05-21 00:00:00,2007-05-22 00:00:00,2,11.404436535
2007-05-26 00:00:00,2007-06-11 00:00:00,17,69.095871827
2007-06-18 00:00:00,2007-06-19 00:00:00,2,0.299652077
2007-06-21 00:00:00,2007-06-21 00:00:00,1,0.004239564
2007-06-23 00:00:00,2007-07-01 00:00:00,9,45.113087306999994
2007-07-09 00:00:00,2007-07-09 00:00:00,1,0.005803079
2007-07-11 00:00:00,2007-07-11 00:00:00,1,0.003219143
2007-07-14 00:00:00,2007-07-15 00:00:00,2,0.838229023
2007-07-23 00:00:00,2007-07-25 00:00:00,3,0.171622795
2007-08-15 00:00:00,2007-08-17 00:00:00,3,0.790803928
2007-08-19 00:00:00,2007-08-27 00:00:00,9,85.50519894499999
2007-08-31 00:00:00,2007-09-03 00:00:00,4,0.014848218
2007-09-05 00:00:00,2007-09-08 00:00:00,4,30.944470673999998
2007-09-11 00:00:00,2007-09-12 00:00:00,2,0.367309027
2007-09-16 00:00:00,2007-09-17 00:00:00,2,1.12238249
2007-09-19 00:00:00,2007-09-20 00:00:00,2,0.268251743
2007-09-23 00:00:00,2007-09-23 00:00:00,1,1.831758373
2007-09-27 00:00:00,2007-09-28 00:00:00,2,2.8981638839999997
2007-10-02 00:00:00,2007-10-02 00:00:00,1,0.187105972
2007-10-08 00:00:00,2007-10-13 00:00:00,6,39.634392297
2007-10-26 00:00:00,2007-10-27 00:00:00,2,15.204181623
2007-10-29 00:00:00,2007-10-31 00:00:00,3,9.449648405
2007-11-03 00:00:00,2007-11-03 00:00:00,1,0.06018328
2007-11-06 00:00:00,2007-11-13 00:00:00,8,35.82934354700001
2007-11-17 00:00:00,2007-11-19 00:00:00,3,8.375863593
2007-11-23 00:00:00,2007-12-20 00:00:00,28,112.80896470799999
2007-12-23 00:00:00,2007-12-29 00:00:00,7,21.964996795
2007-12-31 00:00:00,2008-01-26 00:00:00,27,110.14146435100001
2008-01-28 00:00:00,2008-02-21 00:00:00,25,148.31257830099997
2008-02-25 00:00:00,2008-02-29 00:00:00,5,28.465544677
2008-03-03 00:00:00,2008-03-29 00:00:00,27,34.522346958
2008-03-31 00:00:00,2008-03-31 00:00:00,1,0.004711469
2008-04-04 00:00:00,2008-04-04 00:00:00,1,0.025971768
2008-04-06 00:00:00,2008-04-11 00:00:00,6,3.9745475050000003
2008-04-18 00:00:00,2008-04-25 00:00:00,8,9.100650976
2008-04-28 00:00:00,2008-04-28 00:00:00,1,0.173339015
2008-04-30 00:00:00,2008-04-30 00:00:00,1,0.000171709
2008-05-11 00:00:00,2008-05-18 00:00:00,8,1.8154523040000001
2008-05-23 00:00:00,2008-05-26 00:00:00,4,0.109642776
2008-05-28 00:00:00,2008-06-05 00:00:00,9,74.004504818
2008-06-07 00:00:00,2008-06-14 00:00:00,8,5.165972103
2008-06-18 00:00:00,2008-06-22 00:00:00,5,1.626355358
2008-06-25 00:00:00,2008-06-25 00:00:00,1,0.003998983
2008-06-28 00:00:00,2008-07-02 00:00:00,5,0.018486375
2008-07-04 00:00:00,2008-07-09 00:00:00,6,36.318412816
2008-07-11 00:00:00,2008-07-11 00:00:00,1,0.003998983
2008-07-14 00:00:00,2008-07-18 00:00:00,5,9.009105138999999
2008-07-21 00:00:00,2008-07-29 00:00:00,9,52.110508395
2008-08-06 00:00:00,2008-08-06 00:00:00,1,1.511674054
2008-08-22 00:00:00,2008-08-23 00:00:00,2,0.765833615
2008-08-26 00:00:00,2008-08-26 00:00:00,1,0.017081973
2008-08-28 00:00:00,2008-08-30 00:00:00,3,4.415749243
2008-09-01 00:00:00,2008-09-02 00:00:00,2,2.113666269
2008-09-04 00:00:00,2008-09-07 00:00:00,4,26.577294929
2008-09-09 00:00:00,2008-09-09 00:00:00,1,0.000695806
2008-09-12 00:00:00,2008-09-13 00:00:00,2,0.171409272
2008-09-15 00:00:00,2008-09-15 00:00:00,1,1.555208414
2008-09-18 00:00:00,2008-09-22 00:00:00,5,23.259646721
2008-09-24 00:00:00,2008-09-27 00:00:00,4,0.20401140699999998
2008-10-07 00:00:00,2008-10-07 00:00:00,1,0.004033641
2008-10-10 00:00:00,2008-10-17 00:00:00,8,25.619406934000004
2008-10-22 00:00:00,2008-10-22 00:00:00,1,0.793734305
2008-11-02 00:00:00,2008-11-09 00:00:00,8,69.60476308
2008-11-11 00:00:00,2008-11-11 00:00:00,1,0.016873017
2008-11-13 00:00:00,2008-11-22 00:00:00,10,94.920238897
2008-11-24 00:00:00,2008-11-24 00:00:00,1,0.008530048
2008-11-26 00:00:00,2008-11-30 00:00:00,5,3.71441282
2008-12-04 00:00:00,2008-12-12 00:00:00,9,45.482216006
2008-12-14 00:00:00,2008-12-15 00:00:00,2,0.529209157
2008-12-19 00:00:00,2008-12-21 00:00:00,3,0.202263095
2008-12-25 00:00:00,2008-12-31 00:00:00,7,35.072187502
2009-01-02 00:00:00,2009-01-05 00:00:00,4,14.338102014
2009-01-09 00:00:00,2009-01-09 00:00:00,1,1.279650624
2009-01-18 00:00:00,2009-01-18 00:00:00,1,0.029060462
2009-01-21 00:00:00,2009-02-05 00:00:00,16,74.13322162400002
2009-02-07 00:00:00,2009-02-07 00:00:00,1,0.001402219
2009-02-11 00:00:00,2009-02-23 00:00:00,13,104.26509037099999
2009-02-27 00:00:00,2009-02-27 00:00:00,1,0.056841926
2009-03-03 00:00:00,2009-03-06 00:00:00,4,3.739091755
2009-03-09 00:00:00,2009-03-14 00:00:00,6,12.453884422999998
2009-03-16 00:00:00,2009-03-24 00:00:00,9,10.092448894999999
2009-03-26 00:00:00,2009-03-31 00:00:00,6,1.073529864
2009-04-02 00:00:00,2009-04-16 00:00:00,15,75.855717465
2009-04-18 00:00:00,2009-04-18 00:00:00,1,1.031979943
2009-04-20 00:00:00,2009-04-23 00:00:00,4,0.842272728
2009-04-25 00:00:00,2009-04-27 00:00:00,3,1.6406336699999997
2009-05-02 00:00:00,2009-05-02 00:00:00,1,0.001097867
2009-05-04 00:00:00,2009-05-10 00:00:00,7,1.3621508320000002
2009-05-12 00:00:00,2009-05-14 00:00:00,3,0.490259059
2009-05-17 00:00:00,2009-05-27 00:00:00,11,100.64509468000001
2009-05-29 00:00:00,2009-06-10 00:00:00,13,12.398829327999998
2009-06-16 00:00:00,2009-06-17 00:00:00,2,1.3763292759999999
2009-06-19 00:00:00,2009-06-29 00:00:00,11,54.057216501
2009-07-06 00:00:00,2009-07-10 00:00:00,5,0.094703695
2009-07-13 00:00:00,2009-07-17 00:00:00,5,0.13549351499999998
2009-07-19 00:00:00,2009-07-19 00:00:00,1,0.000695806
2009-07-21 00:00:00,2009-07-22 00:00:00,2,0.006131373
2009-07-26 00:00:00,2009-07-26 00:00:00,1,0.129510231
2009-08-01 00:00:00,2009-08-01 00:00:00,1,0.091937738
2009-08-03 00:00:00,2009-08-03 00:00:00,1,0.007092045
2009-08-06 00:00:00,2009-08-07 00:00:00,2,0.045984005
2009-08-09 00:00:00,2009-08-10 00:00:00,2,0.012329954
2009-08-13 00:00:00,2009-08-14 00:00:00,2,2.9267928100000002
2009-08-17 00:00:00,2009-08-18 00:00:00,2,0.11614525
2009-08-29 00:00:00,2009-09-02 00:00:00,5,4.448973001
2009-09-05 00:00:00,2009-09-08 00:00:00,4,23.9605152
2009-09-14 00:00:00,2009-09-14 00:00:00,1,0.001306533
2009-09-16 00:00:00,2009-09-16 00:00:00,1,0.001261034
2009-09-22 00:00:00,2009-09-22 00:00:00,1,0.000409462
2009-10-02 00:00:00,2009-10-03 00:00:00,2,0.065365457
2009-10-05 00:00:00,2009-10-05 00:00:00,1,1.406739335
2009-10-08 00:00:00,2009-10-08 00:00:00,1,0.187311124
2009-10-11 00:00:00,2009-10-14 00:00:00,4,10.529685222
2009-10-19 00:00:00,2009-10-19 00:00:00,1,0.395205374
2009-10-24 00:00:00,2009-11-01 00:00:00,9,28.190148333
2009-11-06 00:00:00,2009-11-07 00:00:00,2,18.755897741
2009-11-09 00:00:00,2009-11-11 00:00:00,3,6.486892127
2009-11-14 00:00:00,2009-11-14 00:00:00,1,1.021593309
2009-11-17 00:00:00,2009-11-21 00:00:00,5,8.605669854
2009-11-24 00:00:00,2009-11-25 00:00:00,2,1.133179545
2009-11-28 00:00:00,2009-11-30 00:00:00,3,0.196030283
2009-12-02 00:00:00,2009-12-03 00:00:00,2,9.906687730000002
2009-12-07 00:00:00,2009-12-08 00:00:00,2,3.618621876
2009-12-12 00:00:00,2009-12-17 00:00:00,6,9.522183393999999
2009-12-19 00:00:00,2010-01-10 00:00:00,23,128.794184705
2010-01-17 00:00:00,2010-01-18 00:00:00,2,2.6990861170000002
2010-01-20 00:00:00,2010-01-20 00:00:00,1,0.000247243
2010-01-28 00:00:00,2010-02-12 00:00:00,16,107.19450296100001
2010-02-14 00:00:00,2010-03-26 00:00:00,41,278.5312818239999
2010-03-28 00:00:00,2010-04-02 00:00:00,6,45.590815637
2010-04-06 00:00:00,2010-04-07 00:00:00,2,0.148034345
2010-04-09 00:00:00,2010-04-09 00:00:00,1,0.212080317
2010-04-12 00:00:00,2010-04-25 00:00:00,14,22.964554485
2010-04-27 00:00:00,2010-04-27 00:00:00,1,0.02140049
2010-04-29 00:00:00,2010-05-13 00:00:00,15,12.153130776
2010-05-15 00:00:00,2010-05-15 00:00:00,1,0.001232471
2010-05-17 00:00:00,2010-06-05 00:00:00,20,23.222331475999997
2010-06-09 00:00:00,2010-06-11 00:00:00,3,0.217023002
2010-06-13 00:00:00,2010-06-13 00:00:00,1,0.04200362
2010-06-15 00:00:00,2010-06-16 00:00:00,2,0.30951183800000004
2010-06-18 00:00:00,2010-07-16 00:00:00,29,23.392793224
2010-07-18 00:00:00,2010-07-21 00:00:00,4,3.137335222
2010-07-23 00:00:00,2010-07-23 00:00:00,1,0.001261034
2010-07-25 00:00:00,2010-08-01 00:00:00,8,23.920909557
2010-08-06 00:00:00,2010-08-06 00:00:00,1,0.022587091
2010-08-09 00:00:00,2010-08-13 00:00:00,5,59.523959039
2010-08-17 00:00:00,2010-08-17 00:00:00,1,0.0043744
2010-08-20 00:00:00,2010-08-27 00:00:00,8,44.94392193099999
2010-08-31 00:00:00,2010-08-31 00:00:00,1,0.001261034
2010-09-02 00:00:00,2010-09-02 00:00:00,1,0.001416931
2010-09-04 00:00:00,2010-09-08 00:00:00,5,53.24543336799999
2010-09-10 00:00:00,2010-09-12 00:00:00,3,14.673900478999998
2010-09-14 00:00:00,2010-09-15 00:00:00,2,0.830867087
2010-09-18 00:00:00,2010-09-30 00:00:00,13,75.26781205399999
2010-10-02 00:00:00,2010-10-06 00:00:00,5,3.77731619
2010-10-08 00:00:00,2010-10-13 00:00:00,6,119.581414168
2010-10-15 00:00:00,2010-10-17 00:00:00,3,26.60225214
2010-10-20 00:00:00,2010-10-21 00:00:00,2,0.7485393929999999
2010-10-23 00:00:00,2010-10-23 00:00:00,1,0.000247243
2010-10-25 00:00:00,2010-10-29 00:00:00,5,24.027382573999997
2010-10-31 00:00:00,2010-10-31 00:00:00,1,0.001770832
2010-11-02 00:00:00,2010-11-02 00:00:00,1,0.477312192
2010-11-04 00:00:00,2010-11-10 00:00:00,7,2.5875557090000005
2010-11-13 00:00:00,2010-12-13 00:00:00,31,125.47721473300001
2010-12-15 00:00:00,2010-12-30 00:00:00,16,244.99426611599998
2011-01-01 00:00:00,2011-01-15 00:00:00,15,431.255813217
2011-01-17 00:00:00,2011-01-24 00:00:00,8,33.48178757699999
2011-01-29 00:00:00,2011-02-12 00:00:00,15,16.645979634999996
2011-02-14 00:00:00,2011-02-20 00:00:00,7,13.751655528999999
2011-02-22 00:00:00,2011-02-26 00:00:00,5,31.754680610000005
2011-03-02 00:00:00,2011-03-16 00:00:00,15,89.80534680499999
2011-03-18 00:00:00,2011-03-22 00:00:00,5,49.295526951
2011-03-28 00:00:00,2011-04-04 00:00:00,8,8.823777778
2011-04-06 00:00:00,2011-05-02 00:00:00,27,56.024889890000004
2011-05-04 00:00:00,2011-05-07 00:00:00,4,4.097708927999999
2011-05-09 00:00:00,2011-05-11 00:00:00,3,22.262608030000003
2011-05-17 00:00:00,2011-05-25 00:00:00,9,28.076525344999997
2011-05-27 00:00:00,2011-05-27 00:00:00,1,0.004834599
2011-05-29 00:00:00,2011-06-03 00:00:00,6,31.010542973
2011-06-05 00:00:00,2011-06-06 00:00:00,2,0.015654886
2011-06-10 00:00:00,2011-06-10 00:00:00,1,0.364742714
2011-06-12 00:00:00,2011-06-17 00:00:00,6,7.465416406999999
2011-06-21 00:00:00,2011-06-21 00:00:00,1,0.001913607
2011-06-24 00:00:00,2011-07-04 00:00:00,11,4.724253459000001
2011-07-11 00:00:00,2011-07-11 00:00:00,1,0.010963545
2011-07-14 00:00:00,2011-07-19 00:00:00,6,18.191710936999996
2011-07-21 00:00:00,2011-07-21 00:00:00,1,0.057374423
2011-07-25 00:00:00,2011-07-25 00:00:00,1,0.001793581
2011-07-28 00:00:00,2011-07-28 00:00:00,1,0.001637684
2011-07-30 00:00:00,2011-07-30 00:00:00,1,0.002647798
2011-08-02 00:00:00,2011-08-08 00:00:00,7,2.8639941810000002
2011-08-10 00:00:00,2011-08-12 00:00:00,3,0.23847980100000002
2011-08-14 00:00:00,2011-08-15 00:00:00,2,0.136214685
2011-08-17 00:00:00,2011-08-20 00:00:00,4,1.9347613310000003
2011-08-22 00:00:00,2011-08-25 00:00:00,4,11.592303414
2011-08-27 00:00:00,2011-09-03 00:00:00,8,39.111192845
2011-09-05 00:00:00,2011-09-08 00:00:00,4,1.3414323439999998
2011-09-10 00:00:00,2011-09-10 00:00:00,1,8.498083601
2011-09-25 00:00:00,2011-09-25 00:00:00,1,0.004516796
2011-09-30 00:00:00,2011-10-01 00:00:00,2,5.209144705
2011-10-04 00:00:00,2011-10-09 00:00:00,6,36.186342575
2011-10-14 00:00:00,2011-10-23 00:00:00,10,26.287263404
2011-10-25 00:00:00,2011-10-29 00:00:00,5,9.367127102
2011-10-31 00:00:00,2011-11-02 00:00:00,3,19.048305973
2011-11-14 00:00:00,2011-11-14 00:00:00,1,0.009551493
2011-11-24 00:00:00,2011-11-27 00:00:00,4,18.316185807
2011-11-29 00:00:00,2011-12-03 00:00:00,5,8.100593175
2011-12-06 00:00:00,2011-12-17 00:00:00,12,93.12301415799999
2011-12-19 00:00:00,2011-12-19 00:00:00,1,0.041160656
2011-12-21 00:00:00,2011-12-25 00:00:00,5,15.166483826
2011-12-28 00:00:00,2011-12-28 00:00:00,1,0.124507917
2011-12-30 00:00:00,2012-01-01 00:00:00,3,2.177856586
2012-01-06 00:00:00,2012-01-08 00:00:00,3,0.745948616
2012-01-15 00:00:00,2012-02-04 00:00:00,21,176.44988926
2012-02-07 00:00:00,2012-02-17 00:00:00,11,49.569861753000005
2012-02-20 00:00:00,2012-02-29 00:00:00,10,75.817200274
2012-03-02 00:00:00,2012-03-02 00:00:00,1,0.001770832
2012-03-04 00:00:00,2012-03-08 00:00:00,5,26.654578028000003
2012-03-13 00:00:00,2012-03-24 00:00:00,12,59.849562665
2012-03-28 00:00:00,2012-03-31 00:00:00,4,0.33450928
2012-04-02 00:00:00,2012-04-02 00:00:00,1,0.000273936
2012-04-08 00:00:00,2012-04-10 00:00:00,3,1.0706739
2012-04-13 00:00:00,2012-04-20 00:00:00,8,7.257013838000001
2012-04-22 00:00:00,2012-04-22 00:00:00,1,0.004821001
2012-04-24 00:00:00,2012-04-25 00:00:00,2,0.106668734
2012-04-27 00:00:00,2012-05-06 00:00:00,10,34.353249536
2012-05-11 00:00:00,2012-05-12 00:00:00,2,0.009900191000000001
2012-05-18 00:00:00,2012-05-19 00:00:00,2,0.007051456
2012-05-22 00:00:00,2012-05-22 00:00:00,1,0.002177565
2012-05-24 00:00:00,2012-06-07 00:00:00,15,62.864398783999995
2012-06-09 00:00:00,2012-06-17 00:00:00,9,11.712690844
2012-06-19 00:00:00,2012-06-19 00:00:00,1,0.004535169
2012-06-21 00:00:00,2012-06-30 00:00:00,10,69.77629500799999
2012-07-03 00:00:00,2012-07-04 00:00:00,2,0.010848495
2012-07-06 00:00:00,2012-07-15 00:00:00,10,30.264417589
2012-07-17 00:00:00,2012-07-20 00:00:00,4,22.122708228
2012-07-23 00:00:00,2012-07-28 00:00:00,6,0.3935048
2012-08-16 00:00:00,2012-08-16 00:00:00,1,0.050020883
2012-08-18 00:00:00,2012-08-18 00:00:00,1,0.092027808
2012-08-22 00:00:00,2012-08-22 00:00:00,1,0.003998705
2012-08-24 00:00:00,2012-08-25 00:00:00,2,0.126217719
2012-08-28 00:00:00,2012-08-28 00:00:00,1,0.027158121
2012-08-30 00:00:00,2012-09-01 00:00:00,3,1.637948921
2012-09-08 00:00:00,2012-09-08 00:00:00,1,0.505697402
2012-09-14 00:00:00,2012-09-14 00:00:00,1,0.129344739
2012-09-16 00:00:00,2012-09-16 00:00:00,1,0.003100782
2012-09-18 00:00:00,2012-09-25 00:00:00,8,9.371441467
2012-09-27 00:00:00,2012-09-27 00:00:00,1,9.49e-06
2012-09-30 00:00:00,2012-10-02 00:00:00,3,3.968018881
2012-10-04 00:00:00,2012-10-04 00:00:00,1,0.001770832
2012-10-11 00:00:00,2012-10-12 00:00:00,2,14.832948322
2012-10-16 00:00:00,2012-10-16 00:00:00,1,0.006406566
2012-10-20 00:00:00,2012-10-22 00:00:00,3,0.7859816550000001
2012-10-28 00:00:00,2012-11-01 00:00:00,5,7.502201463
2012-11-04 00:00:00,2012-11-05 00:00:00,2,4.51983301
2012-11-09 00:00:00,2012-11-11 00:00:00,3,31.602928200999997
2012-11-17 00:00:00,2012-11-19 00:00:00,3,48.694437498
2012-11-23 00:00:00,2012-11-24 00:00:00,2,1.21554084
2012-11-29 00:00:00,2012-11-29 00:00:00,1,3.622430688
2012-12-03 00:00:00,2012-12-04 00:00:00,2,0.427914732
2012-12-09 00:00:00,2012-12-13 00:00:00,5,8.059327244
2012-12-18 00:00:00,2012-12-24 00:00:00,7,20.419386925
2012-12-26 00:00:00,2012-12-30 00:00:00,5,24.255074837000002
2013-01-05 00:00:00,2013-01-08 00:00:00,4,0.7187583179999999
2013-01-10 00:00:00,2013-01-13 00:00:00,4,10.155885084
2013-01-15 00:00:00,2013-01-16 00:00:00,2,0.207484037
2013-01-20 00:00:00,2013-02-02 00:00:00,14,318.52410109300007
2013-02-05 00:00:00,2013-02-06 00:00:00,2,0.534220799
2013-02-08 00:00:00,2013-02-11 00:00:00,4,8.246185199
2013-02-13 00:00:00,2013-02-23 00:00:00,11,45.232710129999994
2013-02-25 00:00:00,2013-03-14 00:00:00,18,211.41688627699992
2013-03-16 00:00:00,2013-03-17 00:00:00,2,0.09708802700000001
2013-03-19 00:00:00,2013-04-02 00:00:00,15,34.734022966999994
2013-04-04 00:00:00,2013-04-19 00:00:00,16,37.489070879
2013-04-26 00:00:00,2013-04-26 00:00:00,1,0.001985311
2013-04-28 00:00:00,2013-04-28 00:00:00,1,0.006571411
2013-04-30 00:00:00,2013-05-04 00:00:00,5,2.535313861
2013-05-06 00:00:00,2013-05-15 00:00:00,10,21.102604229
2013-05-17 00:00:00,2013-05-17 00:00:00,1,1.696578831
2013-05-22 00:00:00,2013-05-24 00:00:00,3,14.634570103000001
2013-05-27 00:00:00,2013-06-14 00:00:00,19,36.13734850400001
2013-06-21 00:00:00,2013-06-24 00:00:00,4,18.553129966
2013-06-26 00:00:00,2013-06-26 00:00:00,1,0.000722499
2013-06-28 00:00:00,2013-07-06 00:00:00,9,5.963878016000001
2013-07-08 00:00:00,2013-07-09 00:00:00,2,0.039372763
2013-07-11 00:00:00,2013-08-03 00:00:00,24,20.961211788999996
2013-08-13 00:00:00,2013-08-13 00:00:00,1,0.00112949
2013-08-18 00:00:00,2013-08-19 00:00:00,2,3.247837538
2013-08-31 00:00:00,2013-08-31 00:00:00,1,0.005792875
2013-09-03 00:00:00,2013-09-03 00:00:00,1,0.026851664
2013-09-10 00:00:00,2013-09-11 00:00:00,2,0.135815317
2013-09-13 00:00:00,2013-09-13 00:00:00,1,0.00411394
2013-09-16 00:00:00,2013-09-20 00:00:00,5,31.308404132999996
2013-09-24 00:00:00,2013-09-24 00:00:00,1,0.005375796
2013-09-28 00:00:00,2013-10-03 00:00:00,6,10.07102558
2013-10-16 00:00:00,2013-10-16 00:00:00,1,0.000448562
2013-10-18 00:00:00,2013-10-22 00:00:00,5,16.05387979
2013-10-25 00:00:00,2013-10-25 00:00:00,1,0.443067004
2013-10-29 00:00:00,2013-10-31 00:00:00,3,24.296323089
2013-11-05 00:00:00,2013-11-05 00:00:00,1,0.067873474
2013-11-11 00:00:00,2013-11-20 00:00:00,10,62.839343844999995
2013-11-23 00:00:00,2013-11-25 00:00:00,3,25.348258464000004
2013-11-27 00:00:00,2013-11-27 00:00:00,1,0.000894575
2013-11-30 00:00:00,2013-12-01 00:00:00,2,25.60883523
2013-12-05 00:00:00,2013-12-07 00:00:00,3,3.96214173
2013-12-11 00:00:00,2013-12-13 00:00:00,3,13.179271486
2013-12-15 00:00:00,2013-12-18 00:00:00,4,10.375255374
2013-12-25 00:00:00,2013-12-25 00:00:00,1,2.34e-05
2013-12-27 00:00:00,2014-01-01 00:00:00,6,22.25211528
2014-01-03 00:00:00,2014-01-12 00:00:00,10,24.460037015
2014-01-14 00:00:00,2014-01-18 00:00:00,5,3.7784073650000005
2014-01-21 00:00:00,2014-02-01 00:00:00,12,36.90512017699999
2014-02-03 00:00:00,2014-02-04 00:00:00,2,0.29642259499999996
2014-02-06 00:00:00,2014-02-10 00:00:00,5,1.5544503179999998
2014-02-18 00:00:00,2014-02-20 00:00:00,3,10.919921419000001
2014-02-22 00:00:00,2014-02-26 00:00:00,5,3.004028107
2014-02-28 00:00:00,2014-03-06 00:00:00,7,4.5668559890000004
2014-03-08 00:00:00,2014-03-15 00:00:00,8,8.526975282
2014-03-17 00:00:00,2014-04-02 00:00:00,17,140.451228112
2014-04-05 00:00:00,2014-04-05 00:00:00,1,0.00688743
2014-04-07 00:00:00,2014-04-15 00:00:00,9,39.737716275
2014-04-17 00:00:00,2014-04-20 00:00:00,4,0.216109723
2014-04-24 00:00:00,2014-04-26 00:00:00,3,0.065080488
2014-04-28 00:00:00,2014-05-04 00:00:00,7,22.586547713
2014-05-09 00:00:00,2014-05-09 00:00:00,1,0.396443455
2014-05-11 00:00:00,2014-05-12 00:00:00,2,0.00027568600000000003
2014-05-14 00:00:00,2014-05-20 00:00:00,7,1.3699750440000003
2014-05-22 00:00:00,2014-05-24 00:00:00,3,2.212664002
2014-05-26 00:00:00,2014-05-26 00:00:00,1,0.17654246
2014-05-29 00:00:00,2014-06-08 00:00:00,11,9.649442260999999
2014-06-11 00:00:00,2014-06-16 00:00:00,6,7.141254323999999
2014-06-18 00:00:00,2014-06-24 00:00:00,7,6.080991394999999
2014-06-28 00:00:00,2014-06-30 00:00:00,3,6.431334994999999
2014-07-03 00:00:00,2014-07-05 00:00:00,3,1.963215115
2014-07-16 00:00:00,2014-07-18 00:00:00,3,2.690330514
2014-07-23 00:00:00,2014-07-23 00:00:00,1,0.338117228
2014-07-25 00:00:00,2014-07-27 00:00:00,3,3.592261548
2014-08-04 00:00:00,2014-08-06 00:00:00,3,0.698747693
2014-08-09 00:00:00,2014-08-09 00:00:00,1,0.000176578
2014-08-13 00:00:00,2014-08-13 00:00:00,1,0.024390562
2014-08-15 00:00:00,2014-08-18 00:00:00,4,31.653385901
2014-08-21 00:00:00,2014-08-29 00:00:00,9,24.827347029000002
2014-09-05 00:00:00,2014-09-06 00:00:00,2,0.8026173289999999
2014-09-08 00:00:00,2014-09-10 00:00:00,3,0.527181755
2014-09-12 00:00:00,2014-09-12 00:00:00,1,0.049312585
2014-09-14 00:00:00,2014-09-17 00:00:00,4,1.085065707
2014-09-20 00:00:00,2014-09-28 00:00:00,9,10.454462114999998
2014-10-02 00:00:00,2014-10-02 00:00:00,1,0.002418
2014-10-06 00:00:00,2014-10-06 00:00:00,1,0.037653957
2014-10-11 00:00:00,2014-10-15 00:00:00,5,9.766448566000001
2014-10-18 00:00:00,2014-10-18 00:00:00,1,0.356527144
2014-10-21 00:00:00,2014-10-23 00:00:00,3,0.026427968999999996
2014-10-27 00:00:00,2014-10-28 00:00:00,2,6.383269478000001
2014-11-01 00:00:00,2014-11-03 00:00:00,3,3.097124295
2014-11-05 00:00:00,2014-11-09 00:00:00,5,8.482352931
2014-11-18 00:00:00,2014-11-23 00:00:00,6,10.230784682000001
2014-11-27 00:00:00,2014-11-29 00:00:00,3,2.946040392
2014-12-01 00:00:00,2014-12-23 00:00:00,23,114.72557552600001
2014-12-27 00:00:00,2014-12-30 00:00:00,4,23.160754626
2015-01-01 00:00:00,2015-01-10 00:00:00,10,27.863050901999998
2015-01-12 00:00:00,2015-01-16 00:00:00,5,11.119808903000001
2015-01-18 00:00:00,2015-01-18 00:00:00,1,0.000164452
2015-01-20 00:00:00,2015-02-04 00:00:00,16,54.67674682799999
2015-02-06 00:00:00,2015-02-07 00:00:00,2,0.557964957
2015-02-09 00:00:00,2015-02-15 00:00:00,7,10.319033901
2015-02-17 00:00:00,2015-02-25 00:00:00,9,91.07000240999999
2015-02-27 00:00:00,2015-03-03 00:00:00,5,16.56045212
2015-03-10 00:00:00,2015-03-10 00:00:00,1,0.010217651
2015-03-12 00:00:00,2015-03-12 00:00:00,1,0.003633361
2015-03-14 00:00:00,2015-03-15 00:00:00,2,1.256077312
2015-03-18 00:00:00,2015-03-19 00:00:00,2,1.9875958100000002
2015-03-21 00:00:00,2015-03-29 00:00:00,9,33.876047115000006
2015-04-01 00:00:00,2015-04-08 00:00:00,8,57.219349286
2015-04-12 00:00:00,2015-04-12 00:00:00,1,0.385884411
2015-04-16 00:00:00,2015-04-16 00:00:00,1,0.000832815
2015-04-18 00:00:00,2015-04-21 00:00:00,4,11.408689987999999
2015-04-30 00:00:00,2015-05-05 00:00:00,6,110.53956661299999
2015-05-07 00:00:00,2015-05-07 00:00:00,1,0.000171709
2015-05-14 00:00:00,2015-05-14 00:00:00,1,0.004374337
2015-05-17 00:00:00,2015-05-24 00:00:00,8,7.0497451909999995
2015-05-27 00:00:00,2015-05-28 00:00:00,2,0.10135325599999999
2015-05-31 00:00:00,2015-06-01 00:00:00,2,0.001261617
2015-06-07 00:00:00,2015-06-19 00:00:00,13,21.838498972
2015-06-22 00:00:00,2015-06-22 00:00:00,1,5.83e-07
2015-06-24 00:00:00,2015-07-02 00:00:00,9,9.112175549000002
2015-07-04 00:00:00,2015-07-04 00:00:00,1,0.005980501
2015-07-07 00:00:00,2015-07-09 00:00:00,3,0.310793505
2015-07-11 00:00:00,2015-07-13 00:00:00,3,0.5819030820000001
2015-07-20 00:00:00,2015-07-27 00:00:00,8,3.355029071
2015-08-03 00:00:00,2015-08-05 00:00:00,3,0.006903714
2015-08-12 00:00:00,2015-08-13 00:00:00,2,2.4586168550000003
2015-08-17 00:00:00,2015-08-18 00:00:00,2,0.033139626
2015-08-21 00:00:00,2015-08-30 00:00:00,10,31.747611268
2015-09-01 00:00:00,2015-09-01 00:00:00,1,0.168242341
2015-09-03 00:00:00,2015-09-04 00:00:00,2,4.302430029
2015-09-08 00:00:00,2015-09-09 00:00:00,2,0.087980858
2015-09-12 00:00:00,2015-09-13 00:00:00,2,1.123084274
2015-09-15 00:00:00,2015-09-15 00:00:00,1,0.140861835
2015-09-17 00:00:00,2015-09-23 00:00:00,7,10.297213316999999
2015-09-27 00:00:00,2015-10-05 00:00:00,9,14.928347313
2015-10-09 00:00:00,2015-10-16 00:00:00,8,19.511384983
2015-10-23 00:00:00,2015-11-10 00:00:00,19,116.241837001
2015-11-12 00:00:00,2015-11-19 00:00:00,8,46.470012
2015-11-23 00:00:00,2015-11-26 00:00:00,4,4.794742956
2015-11-28 00:00:00,2015-12-04 00:00:00,7,41.562461379
2015-12-07 00:00:00,2015-12-08 00:00:00,2,0.00950382
2015-12-11 00:00:00,2015-12-14 00:00:00,4,39.544004873
2015-12-16 00:00:00,2015-12-18 00:00:00,3,2.572628002
2015-12-21 00:00:00,2015-12-21 00:00:00,1,0.001261034
2015-12-24 00:00:00,2015-12-28 00:00:00,5,18.038436349
2016-01-02 00:00:00,2016-01-11 00:00:00,10,69.58839961700001
2016-01-16 00:00:00,2016-01-18 00:00:00,3,0.523093289
2016-01-21 00:00:00,2016-01-21 00:00:00,1,0.000201319
2016-01-23 00:00:00,2016-02-08 00:00:00,17,76.62422033799999
2016-02-10 00:00:00,2016-02-10 00:00:00,1,0.101130971
2016-02-12 00:00:00,2016-02-22 00:00:00,11,35.837194049999994
2016-02-29 00:00:00,2016-02-29 00:00:00,1,0.034999265
2016-03-02 00:00:00,2016-03-03 00:00:00,2,1.629086382
2016-03-06 00:00:00,2016-03-14 00:00:00,9,10.87548528
2016-03-16 00:00:00,2016-03-24 00:00:00,9,12.179738756999999
2016-03-26 00:00:00,2016-03-31 00:00:00,6,13.329401695000001
2016-04-04 00:00:00,2016-04-04 00:00:00,1,0.157502789
2016-04-12 00:00:00,2016-04-16 00:00:00,5,6.3990553939999995
2016-04-19 00:00:00,2016-04-20 00:00:00,2,0.343303615
2016-04-24 00:00:00,2016-05-03 00:00:00,10,9.498476887999999
2016-05-07 00:00:00,2016-05-07 00:00:00,1,0.001261034
2016-05-10 00:00:00,2016-05-11 00:00:00,2,0.022628996999999998
2016-05-16 00:00:00,2016-05-16 00:00:00,1,0.002088291
2016-05-19 00:00:00,2016-05-19 00:00:00,1,0.001386764
2016-05-22 00:00:00,2016-05-23 00:00:00,2,0.080358075
2016-05-26 00:00:00,2016-05-28 00:00:00,3,1.4722009289999998
2016-06-02 00:00:00,2016-06-06 00:00:00,5,19.452061684
2016-06-13 00:00:00,2016-07-13 00:00:00,31,56.35378735199999
2016-07-15 00:00:00,2016-07-23 00:00:00,9,23.101816017
2016-07-25 00:00:00,2016-07-27 00:00:00,3,0.033240792
2016-07-31 00:00:00,2016-07-31 00:00:00,1,0.181039677
2016-08-02 00:00:00,2016-08-04 00:00:00,3,11.003269714999998
2016-08-08 00:00:00,2016-08-08 00:00:00,1,0.000530943
2016-08-11 00:00:00,2016-08-13 00:00:00,3,5.011878201
2016-08-15 00:00:00,2016-08-15 00:00:00,1,0.001804741
2016-08-17 00:00:00,2016-08-26 00:00:00,10,12.160664736000001
2016-08-28 00:00:00,2016-08-28 00:00:00,1,0.016192767
2016-09-02 00:00:00,2016-09-03 00:00:00,2,14.087803579000001
2016-09-06 00:00:00,2016-09-12 00:00:00,7,12.313261554999999
2016-09-14 00:00:00,2016-09-26 00:00:00,13,45.492385684999995
2016-09-29 00:00:00,2016-09-30 00:00:00,2,8.781860396
2016-10-03 00:00:00,2016-10-05 00:00:00,3,9.78988862
2016-10-13 00:00:00,2016-10-15 00:00:00,3,1.5982288359999999
2016-10-17 00:00:00,2016-10-18 00:00:00,2,6.930088673999999
2016-10-20 00:00:00,2016-10-21 00:00:00,2,7.349435949
2016-10-23 00:00:00,2016-10-23 00:00:00,1,3.561454344
2016-10-28 00:00:00,2016-11-03 00:00:00,7,11.460319748
2016-11-09 00:00:00,2016-11-14 00:00:00,6,3.8418737679999992
2016-11-18 00:00:00,2016-11-18 00:00:00,1,0.00415608
2016-11-21 00:00:00,2016-11-21 00:00:00,1,0.002261428
2016-11-26 00:00:00,2016-12-02 00:00:00,7,23.990253161
2016-12-04 00:00:00,2016-12-11 00:00:00,8,44.914790959
2016-12-18 00:00:00,2016-12-19 00:00:00,2,8.841839614
2016-12-21 00:00:00,2016-12-26 00:00:00,6,33.897499398
2016-12-28 00:00:00,2016-12-28 00:00:00,1,0.001232471
2017-01-01 00:00:00,2017-01-08 00:00:00,8,48.66592314500001
2017-01-13 00:00:00,2017-01-13 00:00:00,1,0.191647222
2017-01-15 00:00:00,2017-01-16 00:00:00,2,36.956756886
2017-01-19 00:00:00,2017-01-23 00:00:00,5,30.655557409999997
2017-01-27 00:00:00,2017-01-29 00:00:00,3,0.618105801
2017-02-08 00:00:00,2017-02-10 00:00:00,3,0.491538386
2017-02-12 00:00:00,2017-02-15 00:00:00,4,4.385538337
2017-02-19 00:00:00,2017-02-21 00:00:00,3,15.495913640999998
2017-02-26 00:00:00,2017-03-06 00:00:00,9,45.02123428
2017-03-10 00:00:00,2017-03-10 00:00:00,1,0.046309648
2017-03-12 00:00:00,2017-03-25 00:00:00,14,67.600633763
2017-03-28 00:00:00,2017-03-31 00:00:00,4,89.990470072
2017-04-05 00:00:00,2017-04-07 00:00:00,3,1.000718842
2017-04-18 00:00:00,2017-04-20 00:00:00,3,0.157094346
2017-04-22 00:00:00,2017-04-23 00:00:00,2,0.642342467
2017-04-26 00:00:00,2017-04-28 00:00:00,3,0.402722724
2017-05-02 00:00:00,2017-05-05 00:00:00,4,0.15823757699999996
2017-05-08 00:00:00,2017-05-16 00:00:00,9,19.799621741000003
2017-05-18 00:00:00,2017-05-30 00:00:00,13,16.117536452999996
2017-06-04 00:00:00,2017-06-04 00:00:00,1,0.007526954
2017-06-06 00:00:00,2017-06-06 00:00:00,1,0.001261034
2017-06-11 00:00:00,2017-06-19 00:00:00,9,17.991621423
2017-06-21 00:00:00,2017-06-21 00:00:00,1,0.011486112
2017-06-23 00:00:00,2017-06-23 00:00:00,1,0.000377233
2017-06-28 00:00:00,2017-06-28 00:00:00,1,0.000273936
2017-06-30 00:00:00,2017-07-01 00:00:00,2,4.642236828
2017-07-03 00:00:00,2017-07-14 00:00:00,12,19.344995152000003
2017-07-16 00:00:00,2017-07-19 00:00:00,4,14.41658353
2017-07-28 00:00:00,2017-07-28 00:00:00,1,0.000273936
2017-08-02 00:00:00,2017-08-05 00:00:00,4,2.189762591
2017-08-07 00:00:00,2017-08-07 00:00:00,1,6.55476295
2017-08-22 00:00:00,2017-08-22 00:00:00,1,0.012422931
2017-08-24 00:00:00,2017-08-25 00:00:00,2,0.8606327109999999
2017-08-31 00:00:00,2017-08-31 00:00:00,1,0.000288085
2017-09-02 00:00:00,2017-09-02 00:00:00,1,9.49e-06
2017-09-05 00:00:00,2017-09-05 00:00:00,1,0.019468749
2017-09-13 00:00:00,2017-09-14 00:00:00,2,0.101052555
2017-09-18 00:00:00,2017-09-18 00:00:00,1,0.013986407
2017-09-22 00:00:00,2017-09-23 00:00:00,2,3.338772124
2017-10-02 00:00:00,2017-10-27 00:00:00,26,199.340867399
2017-10-30 00:00:00,2017-10-31 00:00:00,2,4.583478749999999
2017-11-06 00:00:00,2017-11-13 00:00:00,8,10.891871926999997
2017-11-16 00:00:00,2017-11-16 00:00:00,1,0.001435449
2017-11-18 00:00:00,2017-11-27 00:00:00,10,13.873107362000002
2017-11-29 00:00:00,2017-12-06 00:00:00,8,66.955247191
2017-12-09 00:00:00,2017-12-12 00:00:00,4,31.568041705
2017-12-16 00:00:00,2017-12-16 00:00:00,1,1.17e-06
2017-12-22 00:00:00,2018-01-06 00:00:00,16,105.71989589200003
2018-01-14 00:00:00,2018-01-15 00:00:00,2,2.57076217
2018-01-21 00:00:00,2018-01-22 00:00:00,2,0.001794232
2018-01-27 00:00:00,2018-02-06 00:00:00,11,58.06061667299999
2018-02-09 00:00:00,2018-02-09 00:00:00,1,0.000205606
2018-02-12 00:00:00,2018-02-17 00:00:00,6,44.868511964999996
2018-02-20 00:00:00,2018-02-28 00:00:00,9,109.893552297
2018-03-03 00:00:00,2018-03-17 00:00:00,15,62.645502438
2018-03-20 00:00:00,2018-04-08 00:00:00,20,26.786761879999997
2018-04-10 00:00:00,2018-04-10 00:00:00,1,0.000536757
2018-04-12 00:00:00,2018-04-16 00:00:00,5,0.8452328480000001
2018-04-19 00:00:00,2018-04-26 00:00:00,8,11.324554262
2018-04-28 00:00:00,2018-04-28 00:00:00,1,0.001258872
2018-04-30 00:00:00,2018-04-30 00:00:00,1,0.00233971
2018-05-02 00:00:00,2018-05-04 00:00:00,3,4.076542241
2018-05-06 00:00:00,2018-05-06 00:00:00,1,0.00060833
2018-05-08 00:00:00,2018-05-11 00:00:00,4,22.066275069000003
2018-05-16 00:00:00,2018-05-17 00:00:00,2,0.001261617
2018-05-20 00:00:00,2018-05-20 00:00:00,1,0.002553085
2018-05-26 00:00:00,2018-05-31 00:00:00,6,4.588287874
2018-06-05 00:00:00,2018-06-15 00:00:00,11,2.458368254
2018-06-21 00:00:00,2018-06-22 00:00:00,2,0.050505773999999996
2018-06-24 00:00:00,2018-06-29 00:00:00,6,19.679343607
2018-07-01 00:00:00,2018-07-08 00:00:00,8,19.743207303
2018-07-11 00:00:00,2018-07-13 00:00:00,3,1.7463888250000001
2018-07-21 00:00:00,2018-07-21 00:00:00,1,0.075015203
2018-07-24 00:00:00,2018-07-26 00:00:00,3,0.018671036000000002
2018-07-29 00:00:00,2018-07-30 00:00:00,2,0.337133962
2018-08-04 00:00:00,2018-08-08 00:00:00,5,1.04945881
2018-08-25 00:00:00,2018-08-29 00:00:00,5,18.196745385
2018-08-31 00:00:00,2018-08-31 00:00:00,1,0.249671929
2018-09-04 00:00:00,2018-09-10 00:00:00,7,1.618920366
2018-09-20 00:00:00,2018-09-20 00:00:00,1,0.092869962
2018-09-24 00:00:00,2018-10-03 00:00:00,10,24.54649705
2018-10-05 00:00:00,2018-10-23 00:00:00,19,135.47368144
2018-10-25 00:00:00,2018-10-26 00:00:00,2,4.832692638999999
2018-10-28 00:00:00,2018-10-31 00:00:00,4,0.721472444
2018-11-05 00:00:00,2018-11-05 00:00:00,1,0.003716202
2018-11-08 00:00:00,2018-11-09 00:00:00,2,0.37317611100000003
2018-11-14 00:00:00,2018-11-24 00:00:00,11,25.236317539
2018-11-26 00:00:00,2018-11-26 00:00:00,1,0.064232147
2018-11-28 00:00:00,2018-11-29 00:00:00,2,0.468454188
2018-12-04 00:00:00,2018-12-10 00:00:00,7,9.324905728
2018-12-13 00:00:00,2018-12-24 00:00:00,12,88.33977378400002
2018-12-30 00:00:00,2018-12-30 00:00:00,1,0.010448867
2019-01-02 00:00:00,2019-01-04 00:00:00,3,3.1259284689999998
2019-01-07 00:00:00,2019-01-10 00:00:00,4,4.792446561
2019-01-24 00:00:00,2019-01-25 00:00:00,2,1.201547116
2019-01-29 00:00:00,2019-01-31 00:00:00,3,1.1055552809999998
2019-02-02 00:00:00,2019-02-13 00:00:00,12,20.514041683
2019-02-15 00:00:00,2019-02-15 00:00:00,1,0.017400465
2019-02-21 00:00:00,2019-02-22 00:00:00,2,0.259018789
2019-02-25 00:00:00,2019-03-08 00:00:00,12,10.607765799000001
2019-03-11 00:00:00,2019-03-23 00:00:00,13,83.36336894600001
2019-03-25 00:00:00,2019-03-25 00:00:00,1,0.054013861
2019-03-27 00:00:00,2019-04-08 00:00:00,13,42.760173186
2019-04-11 00:00:00,2019-04-14 00:00:00,4,0.554697915
2019-04-16 00:00:00,2019-04-27 00:00:00,12,30.311514160999995
2019-04-29 00:00:00,2019-05-07 00:00:00,9,9.796302463
2019-05-09 00:00:00,2019-05-09 00:00:00,1,0.001614935
2019-05-11 00:00:00,2019-05-11 00:00:00,1,2.240832428
2019-05-13 00:00:00,2019-05-16 00:00:00,4,2.0551712799999997
2019-05-18 00:00:00,2019-05-27 00:00:00,10,2.9757313739999995
2019-06-02 00:00:00,2019-06-04 00:00:00,3,10.626906647
2019-06-08 00:00:00,2019-06-13 00:00:00,6,5.5243922780000005
2019-06-15 00:00:00,2019-06-18 00:00:00,4,15.443246732
2019-06-21 00:00:00,2019-06-21 00:00:00,1,0.194555399
2019-06-24 00:00:00,2019-07-03 00:00:00,10,6.603968566000001
2019-07-05 00:00:00,2019-07-09 00:00:00,5,6.818699289
2019-07-12 00:00:00,2019-07-12 00:00:00,1,0.000533152
2019-07-22 00:00:00,2019-07-23 00:00:00,2,0.055689047
2019-07-29 00:00:00,2019-08-04 00:00:00,7,1.5841736199999998
2019-08-07 00:00:00,2019-08-09 00:00:00,3,0.495293277
2019-08-14 00:00:00,2019-08-15 00:00:00,2,0.197304735
2019-08-28 00:00:00,2019-08-30 00:00:00,3,7.718988113
2019-09-12 00:00:00,2019-09-12 00:00:00,1,0.62485881
2019-09-18 00:00:00,2019-09-19 00:00:00,2,1.100187482
2019-09-21 00:00:00,2019-09-21 00:00:00,1,0.005023957
2019-09-24 00:00:00,2019-09-24 00:00:00,1,0.050633114
2019-09-27 00:00:00,2019-09-29 00:00:00,3,2.293304451
2019-10-01 00:00:00,2019-10-06 00:00:00,6,2.465370918
2019-10-10 00:00:00,2019-10-16 00:00:00,7,21.275084527000004
2019-10-18 00:00:00,2019-10-20 00:00:00,3,14.082744951
2019-10-28 00:00:00,2019-10-29 00:00:00,2,0.731151461
2019-11-01 00:00:00,2019-11-05 00:00:00,5,0.937359711
2019-11-16 00:00:00,2019-11-18 00:00:00,3,3.330364515
2019-11-27 00:00:00,2019-11-28 00:00:00,2,0.017560101
2019-12-01 00:00:00,2019-12-03 00:00:00,3,4.498397061
2019-12-08 00:00:00,2019-12-14 00:00:00,7,19.746218894
2019-12-23 00:00:00,2019-12-28 00:00:00,6,20.641792652999996
2019-12-31 00:00:00,2020-01-01 00:00:00,2,0.0036288149999999996
2020-01-05 00:00:00,2020-01-05 00:00:00,1,0.007782542
2020-01-11 00:00:00,2020-01-29 00:00:00,19,117.68047237199997
2020-02-01 00:00:00,2020-02-01 00:00:00,1,0.025898545
2020-02-03 00:00:00,2020-02-18 00:00:00,16,166.482279772
2020-02-20 00:00:00,2020-02-20 00:00:00,1,6.356197455
2020-02-22 00:00:00,2020-02-29 00:00:00,8,14.081644396
2020-03-04 00:00:00,2020-03-15 00:00:00,12,59.392046828999995
2020-03-20 00:00:00,2020-03-21 00:00:00,2,0.0033074840000000003
2020-03-24 00:00:00,2020-04-02 00:00:00,10,3.206787544
2020-04-05 00:00:00,2020-04-05 00:00:00,1,1.378294859
2020-04-08 00:00:00,2020-04-11 00:00:00,4,2.278246322
2020-04-17 00:00:00,2020-04-21 00:00:00,5,3.8752701099999998
2020-04-26 00:00:00,2020-04-26 00:00:00,1,0.003336057
2020-04-28 00:00:00,2020-05-02 00:00:00,5,0.921385998
2020-05-04 00:00:00,2020-05-04 00:00:00,1,0.063848384
2020-05-06 00:00:00,2020-05-11 00:00:00,6,0.572579779
2020-05-14 00:00:00,2020-05-15 00:00:00,2,0.062520833
2020-05-17 00:00:00,2020-05-23 00:00:00,7,13.556572951000001
2020-05-30 00:00:00,2020-06-03 00:00:00,5,0.906832465
2020-06-08 00:00:00,2020-06-08 00:00:00,1,0.153846093
2020-06-10 00:00:00,2020-06-12 00:00:00,3,2.3198587720000003
2020-06-14 00:00:00,2020-06-23 00:00:00,10,15.826852609999998
2020-06-26 00:00:00,2020-07-01 00:00:00,6,0.02555593
2020-07-03 00:00:00,2020-07-05 00:00:00,3,0.712142889
2020-07-09 00:00:00,2020-07-13 00:00:00,5,9.4026937
2020-07-23 00:00:00,2020-07-27 00:00:00,5,15.794199876
2020-07-29 00:00:00,2020-07-30 00:00:00,2,0.002033636
2020-08-02 00:00:00,2020-08-02 00:00:00,1,0.214307552
2020-08-05 00:00:00,2020-08-05 00:00:00,1,0.001289597
2020-08-07 00:00:00,2020-08-12 00:00:00,6,8.321391235
2020-08-15 00:00:00,2020-08-17 00:00:00,3,3.8818725929999998
2020-08-20 00:00:00,2020-08-20 00:00:00,1,0.078709959
2020-08-23 00:00:00,2020-08-23 00:00:00,1,0.304555904
2020-08-26 00:00:00,2020-08-27 00:00:00,2,1.0154259589999999
2020-08-31 00:00:00,2020-08-31 00:00:00,1,0.001645702
2020-09-03 00:00:00,2020-09-03 00:00:00,1,0.008762535
2020-09-07 00:00:00,2020-09-08 00:00:00,2,0.415527858
2020-09-10 00:00:00,2020-09-12 00:00:00,3,0.487987312
2020-09-16 00:00:00,2020-09-17 00:00:00,2,0.12953201
2020-09-19 00:00:00,2020-09-20 00:00:00,2,0.367104196
2020-09-23 00:00:00,2020-09-24 00:00:00,2,1.535810959
2020-09-26 00:00:00,2020-09-26 00:00:00,1,0.282938784
2020-10-02 00:00:00,2020-10-02 00:00:00,1,2.34e-05
2020-10-10 00:00:00,2020-10-10 00:00:00,1,0.00085041
2020-10-12 00:00:00,2020-10-17 00:00:00,6,0.5207689329999999
2020-10-19 00:00:00,2020-10-19 00:00:00,1,2.060652917
2020-10-22 00:00:00,2020-11-02 00:00:00,12,86.046409692
2020-11-08 00:00:00,2020-11-09 00:00:00,2,0.019265445
2020-11-12 00:00:00,2020-11-14 00:00:00,3,0.243015715
2020-11-17 00:00:00,2020-11-19 00:00:00,3,0.066787814
2020-11-24 00:00:00,2020-11-25 00:00:00,2,0.6650583809999999
2020-12-01 00:00:00,2020-12-01 00:00:00,1,0.009864047
2020-12-03 00:00:00,2020-12-03 00:00:00,1,0.064186641
2020-12-06 00:00:00,2020-12-09 00:00:00,4,19.24398537
2020-12-11 00:00:00,2020-12-21 00:00:00,11,71.032649471
2020-12-23 00:00:00,2020-12-27 00:00:00,5,2.685768982
