Start Date,End Date,Duration
[yyyy-mm-dd hh:mm:ss],[yyyy-mm-dd hh:mm:ss],[days]
1985-01-03 00:00:00,1985-01-04 00:00:00,2
1985-01-12 00:00:00,1985-01-17 00:00:00,6
1985-01-20 00:00:00,1985-01-20 00:00:00,1
1985-01-22 00:00:00,1985-01-22 00:00:00,1
1985-01-30 00:00:00,1985-01-30 00:00:00,1
1985-02-01 00:00:00,1985-02-01 00:00:00,1
1985-02-26 00:00:00,1985-02-26 00:00:00,1
1985-03-16 00:00:00,1985-03-16 00:00:00,1
1985-03-19 00:00:00,1985-03-19 00:00:00,1
1985-04-15 00:00:00,1985-04-15 00:00:00,1
1985-04-19 00:00:00,1985-04-20 00:00:00,2
1985-06-13 00:00:00,1985-06-14 00:00:00,2
1985-06-21 00:00:00,1985-06-30 00:00:00,10
1985-07-13 00:00:00,1985-07-17 00:00:00,5
1985-07-20 00:00:00,1985-07-28 00:00:00,9
1985-07-30 00:00:00,1985-08-04 00:00:00,6
1985-08-09 00:00:00,1985-08-12 00:00:00,4
1985-08-15 00:00:00,1985-08-15 00:00:00,1
1985-08-20 00:00:00,1985-08-20 00:00:00,1
1985-08-27 00:00:00,1985-08-29 00:00:00,3
1985-09-04 00:00:00,1985-09-05 00:00:00,2
1985-09-08 00:00:00,1985-09-08 00:00:00,1
1985-09-17 00:00:00,1985-09-17 00:00:00,1
1985-09-22 00:00:00,1985-09-22 00:00:00,1
1985-09-24 00:00:00,1985-09-25 00:00:00,2
1985-09-27 00:00:00,1985-09-30 00:00:00,4
1985-10-02 00:00:00,1985-10-05 00:00:00,4
1985-10-30 00:00:00,1985-10-30 00:00:00,1
1985-11-03 00:00:00,1985-11-03 00:00:00,1
1985-11-12 00:00:00,1985-11-12 00:00:00,1
1985-11-17 00:00:00,1985-11-17 00:00:00,1
1985-11-29 00:00:00,1985-11-29 00:00:00,1
1985-12-08 00:00:00,1985-12-08 00:00:00,1
1985-12-13 00:00:00,1985-12-13 00:00:00,1
1985-12-21 00:00:00,1985-12-21 00:00:00,1
1985-12-24 00:00:00,1985-12-25 00:00:00,2
1986-01-08 00:00:00,1986-01-08 00:00:00,1
1986-01-15 00:00:00,1986-01-16 00:00:00,2
1986-01-21 00:00:00,1986-01-23 00:00:00,3
1986-01-27 00:00:00,1986-01-28 00:00:00,2
1986-01-31 00:00:00,1986-02-03 00:00:00,4
1986-02-16 00:00:00,1986-02-18 00:00:00,3
1986-02-28 00:00:00,1986-03-01 00:00:00,2
1986-03-03 00:00:00,1986-03-03 00:00:00,1
1986-03-12 00:00:00,1986-03-19 00:00:00,8
1986-04-02 00:00:00,1986-04-04 00:00:00,3
1986-04-06 00:00:00,1986-04-08 00:00:00,3
1986-04-21 00:00:00,1986-04-21 00:00:00,1
1986-04-23 00:00:00,1986-04-23 00:00:00,1
1986-04-25 00:00:00,1986-04-27 00:00:00,3
1986-05-13 00:00:00,1986-05-13 00:00:00,1
1986-05-16 00:00:00,1986-05-18 00:00:00,3
1986-05-20 00:00:00,1986-05-25 00:00:00,6
1986-05-31 00:00:00,1986-05-31 00:00:00,1
1986-06-07 00:00:00,1986-06-07 00:00:00,1
1986-06-09 00:00:00,1986-06-11 00:00:00,3
1986-06-14 00:00:00,1986-06-15 00:00:00,2
1986-06-17 00:00:00,1986-06-21 00:00:00,5
1986-06-23 00:00:00,1986-07-01 00:00:00,9
1986-07-10 00:00:00,1986-07-11 00:00:00,2
1986-07-13 00:00:00,1986-07-13 00:00:00,1
1986-07-20 00:00:00,1986-07-20 00:00:00,1
1986-07-22 00:00:00,1986-07-24 00:00:00,3
1986-07-31 00:00:00,1986-08-02 00:00:00,3
1986-08-13 00:00:00,1986-08-13 00:00:00,1
1986-08-19 00:00:00,1986-08-20 00:00:00,2
1986-08-27 00:00:00,1986-08-29 00:00:00,3
1986-09-03 00:00:00,1986-09-06 00:00:00,4
1986-09-08 00:00:00,1986-09-11 00:00:00,4
1986-09-13 00:00:00,1986-09-13 00:00:00,1
1986-09-15 00:00:00,1986-09-24 00:00:00,10
1986-09-28 00:00:00,1986-09-28 00:00:00,1
1986-10-05 00:00:00,1986-10-05 00:00:00,1
1986-10-12 00:00:00,1986-10-14 00:00:00,3
1986-10-21 00:00:00,1986-10-22 00:00:00,2
1986-10-26 00:00:00,1986-10-26 00:00:00,1
1986-10-29 00:00:00,1986-10-30 00:00:00,2
1986-11-04 00:00:00,1986-11-04 00:00:00,1
1986-11-17 00:00:00,1986-11-17 00:00:00,1
1986-11-20 00:00:00,1986-11-25 00:00:00,6
1986-12-09 00:00:00,1986-12-10 00:00:00,2
1986-12-20 00:00:00,1986-12-20 00:00:00,1
1987-01-01 00:00:00,1987-01-01 00:00:00,1
1987-01-24 00:00:00,1987-01-26 00:00:00,3
1987-02-15 00:00:00,1987-02-15 00:00:00,1
1987-03-07 00:00:00,1987-03-07 00:00:00,1
1987-03-09 00:00:00,1987-03-14 00:00:00,6
1987-04-10 00:00:00,1987-04-12 00:00:00,3
1987-04-15 00:00:00,1987-04-15 00:00:00,1
1987-04-20 00:00:00,1987-04-21 00:00:00,2
1987-05-18 00:00:00,1987-05-18 00:00:00,1
1987-05-24 00:00:00,1987-05-24 00:00:00,1
1987-05-26 00:00:00,1987-05-26 00:00:00,1
1987-05-28 00:00:00,1987-05-30 00:00:00,3
1987-06-04 00:00:00,1987-06-04 00:00:00,1
1987-06-21 00:00:00,1987-06-21 00:00:00,1
1987-06-25 00:00:00,1987-06-30 00:00:00,6
1987-07-04 00:00:00,1987-07-05 00:00:00,2
1987-07-11 00:00:00,1987-07-16 00:00:00,6
1987-07-19 00:00:00,1987-07-19 00:00:00,1
1987-07-23 00:00:00,1987-07-26 00:00:00,4
1987-07-31 00:00:00,1987-08-01 00:00:00,2
1987-08-04 00:00:00,1987-08-04 00:00:00,1
1987-08-06 00:00:00,1987-08-09 00:00:00,4
1987-08-23 00:00:00,1987-08-23 00:00:00,1
1987-08-25 00:00:00,1987-08-27 00:00:00,3
1987-09-01 00:00:00,1987-09-04 00:00:00,4
1987-09-12 00:00:00,1987-09-15 00:00:00,4
1987-09-17 00:00:00,1987-09-17 00:00:00,1
1987-09-20 00:00:00,1987-10-01 00:00:00,12
1987-10-06 00:00:00,1987-10-08 00:00:00,3
1987-10-20 00:00:00,1987-10-22 00:00:00,3
1987-10-27 00:00:00,1987-10-28 00:00:00,2
1987-11-01 00:00:00,1987-11-02 00:00:00,2
1987-11-13 00:00:00,1987-11-14 00:00:00,2
1987-11-16 00:00:00,1987-11-20 00:00:00,5
1987-11-22 00:00:00,1987-11-23 00:00:00,2
1987-11-28 00:00:00,1987-11-28 00:00:00,1
1987-12-04 00:00:00,1987-12-04 00:00:00,1
1987-12-06 00:00:00,1987-12-06 00:00:00,1
1987-12-09 00:00:00,1987-12-10 00:00:00,2
1987-12-15 00:00:00,1987-12-21 00:00:00,7
1988-01-02 00:00:00,1988-01-03 00:00:00,2
1988-01-09 00:00:00,1988-01-11 00:00:00,3
1988-01-23 00:00:00,1988-01-24 00:00:00,2
1988-01-27 00:00:00,1988-01-27 00:00:00,1
1988-02-05 00:00:00,1988-02-05 00:00:00,1
1988-02-09 00:00:00,1988-02-12 00:00:00,4
1988-02-18 00:00:00,1988-02-25 00:00:00,8
1988-03-13 00:00:00,1988-03-16 00:00:00,4
1988-03-18 00:00:00,1988-03-18 00:00:00,1
1988-04-15 00:00:00,1988-04-16 00:00:00,2
1988-04-27 00:00:00,1988-04-27 00:00:00,1
1988-05-04 00:00:00,1988-05-04 00:00:00,1
1988-05-06 00:00:00,1988-05-07 00:00:00,2
1988-05-09 00:00:00,1988-05-10 00:00:00,2
1988-05-24 00:00:00,1988-05-27 00:00:00,4
1988-05-29 00:00:00,1988-05-30 00:00:00,2
1988-06-07 00:00:00,1988-06-13 00:00:00,7
1988-06-19 00:00:00,1988-06-23 00:00:00,5
1988-06-29 00:00:00,1988-06-30 00:00:00,2
1988-07-09 00:00:00,1988-07-10 00:00:00,2
1988-07-15 00:00:00,1988-07-17 00:00:00,3
1988-07-19 00:00:00,1988-07-19 00:00:00,1
1988-07-23 00:00:00,1988-08-01 00:00:00,10
1988-08-05 00:00:00,1988-08-05 00:00:00,1
1988-08-07 00:00:00,1988-08-11 00:00:00,5
1988-08-18 00:00:00,1988-08-18 00:00:00,1
1988-08-30 00:00:00,1988-08-30 00:00:00,1
1988-09-17 00:00:00,1988-09-26 00:00:00,10
1988-09-29 00:00:00,1988-10-01 00:00:00,3
1988-10-03 00:00:00,1988-10-05 00:00:00,3
1988-10-08 00:00:00,1988-10-15 00:00:00,8
1988-10-18 00:00:00,1988-10-22 00:00:00,5
1988-10-28 00:00:00,1988-10-30 00:00:00,3
1988-11-01 00:00:00,1988-11-04 00:00:00,4
1988-11-09 00:00:00,1988-11-09 00:00:00,1
1988-11-11 00:00:00,1988-11-11 00:00:00,1
1988-11-14 00:00:00,1988-11-14 00:00:00,1
1988-11-17 00:00:00,1988-11-20 00:00:00,4
1988-11-23 00:00:00,1988-11-23 00:00:00,1
1988-12-04 00:00:00,1988-12-04 00:00:00,1
1989-01-10 00:00:00,1989-01-10 00:00:00,1
1989-01-17 00:00:00,1989-01-18 00:00:00,2
1989-02-09 00:00:00,1989-02-09 00:00:00,1
1989-02-23 00:00:00,1989-02-23 00:00:00,1
1989-03-11 00:00:00,1989-03-15 00:00:00,5
1989-04-15 00:00:00,1989-04-15 00:00:00,1
1989-04-17 00:00:00,1989-04-19 00:00:00,3
1989-05-04 00:00:00,1989-05-04 00:00:00,1
1989-05-25 00:00:00,1989-05-25 00:00:00,1
1989-06-15 00:00:00,1989-06-15 00:00:00,1
1989-06-20 00:00:00,1989-06-20 00:00:00,1
1989-07-05 00:00:00,1989-07-05 00:00:00,1
1989-07-07 00:00:00,1989-07-07 00:00:00,1
1989-07-14 00:00:00,1989-07-15 00:00:00,2
1989-07-19 00:00:00,1989-07-20 00:00:00,2
1989-07-22 00:00:00,1989-07-22 00:00:00,1
1989-07-26 00:00:00,1989-07-26 00:00:00,1
1989-07-30 00:00:00,1989-07-30 00:00:00,1
1989-08-04 00:00:00,1989-08-04 00:00:00,1
1989-08-10 00:00:00,1989-08-15 00:00:00,6
1989-08-26 00:00:00,1989-08-26 00:00:00,1
1989-08-28 00:00:00,1989-08-30 00:00:00,3
1989-09-03 00:00:00,1989-09-03 00:00:00,1
1989-09-06 00:00:00,1989-09-09 00:00:00,4
1989-09-14 00:00:00,1989-09-17 00:00:00,4
1989-09-19 00:00:00,1989-09-20 00:00:00,2
1989-09-23 00:00:00,1989-09-23 00:00:00,1
1989-09-27 00:00:00,1989-10-08 00:00:00,12
1989-10-12 00:00:00,1989-10-15 00:00:00,4
1989-10-29 00:00:00,1989-10-29 00:00:00,1
1989-11-29 00:00:00,1989-11-30 00:00:00,2
1989-12-12 00:00:00,1989-12-12 00:00:00,1
1989-12-21 00:00:00,1989-12-21 00:00:00,1
1989-12-28 00:00:00,1989-12-29 00:00:00,2
1989-12-31 00:00:00,1990-01-03 00:00:00,4
1990-01-06 00:00:00,1990-01-06 00:00:00,1
1990-01-08 00:00:00,1990-01-09 00:00:00,2
1990-01-18 00:00:00,1990-01-18 00:00:00,1
1990-01-20 00:00:00,1990-01-20 00:00:00,1
1990-01-28 00:00:00,1990-01-29 00:00:00,2
1990-03-08 00:00:00,1990-03-08 00:00:00,1
1990-03-10 00:00:00,1990-03-11 00:00:00,2
1990-03-15 00:00:00,1990-03-21 00:00:00,7
1990-04-28 00:00:00,1990-05-01 00:00:00,4
1990-05-06 00:00:00,1990-05-07 00:00:00,2
1990-05-20 00:00:00,1990-05-20 00:00:00,1
1990-06-01 00:00:00,1990-06-04 00:00:00,4
1990-06-22 00:00:00,1990-06-22 00:00:00,1
1990-06-27 00:00:00,1990-06-28 00:00:00,2
1990-06-30 00:00:00,1990-06-30 00:00:00,1
1990-07-03 00:00:00,1990-07-12 00:00:00,10
1990-07-21 00:00:00,1990-07-23 00:00:00,3
1990-07-25 00:00:00,1990-07-26 00:00:00,2
1990-08-05 00:00:00,1990-08-08 00:00:00,4
1990-08-12 00:00:00,1990-08-14 00:00:00,3
1990-08-17 00:00:00,1990-08-21 00:00:00,5
1990-08-23 00:00:00,1990-08-29 00:00:00,7
1990-09-04 00:00:00,1990-09-10 00:00:00,7
1990-09-12 00:00:00,1990-09-12 00:00:00,1
1990-09-17 00:00:00,1990-09-22 00:00:00,6
1990-09-26 00:00:00,1990-09-26 00:00:00,1
1990-09-28 00:00:00,1990-09-29 00:00:00,2
1990-10-03 00:00:00,1990-10-05 00:00:00,3
1990-10-13 00:00:00,1990-10-15 00:00:00,3
1990-10-23 00:00:00,1990-11-02 00:00:00,11
1990-11-10 00:00:00,1990-11-19 00:00:00,10
1990-11-25 00:00:00,1990-11-26 00:00:00,2
1990-11-29 00:00:00,1990-12-02 00:00:00,4
1990-12-08 00:00:00,1990-12-09 00:00:00,2
1990-12-16 00:00:00,1990-12-20 00:00:00,5
1991-01-08 00:00:00,1991-01-09 00:00:00,2
1991-01-12 00:00:00,1991-01-13 00:00:00,2
1991-01-15 00:00:00,1991-01-16 00:00:00,2
1991-01-24 00:00:00,1991-01-24 00:00:00,1
1991-02-01 00:00:00,1991-02-04 00:00:00,4
1991-02-11 00:00:00,1991-02-11 00:00:00,1
1991-02-15 00:00:00,1991-02-16 00:00:00,2
1991-02-21 00:00:00,1991-02-22 00:00:00,2
1991-03-15 00:00:00,1991-03-18 00:00:00,4
1991-03-20 00:00:00,1991-03-27 00:00:00,8
1991-04-05 00:00:00,1991-04-08 00:00:00,4
1991-04-13 00:00:00,1991-04-13 00:00:00,1
1991-04-17 00:00:00,1991-04-29 00:00:00,13
1991-05-01 00:00:00,1991-05-01 00:00:00,1
1991-05-04 00:00:00,1991-05-07 00:00:00,4
1991-05-12 00:00:00,1991-05-12 00:00:00,1
1991-05-27 00:00:00,1991-05-27 00:00:00,1
1991-06-02 00:00:00,1991-06-02 00:00:00,1
1991-06-14 00:00:00,1991-06-20 00:00:00,7
1991-06-23 00:00:00,1991-06-25 00:00:00,3
1991-06-27 00:00:00,1991-07-02 00:00:00,6
1991-07-06 00:00:00,1991-07-06 00:00:00,1
1991-07-08 00:00:00,1991-07-08 00:00:00,1
1991-07-11 00:00:00,1991-07-12 00:00:00,2
1991-07-14 00:00:00,1991-07-14 00:00:00,1
1991-07-16 00:00:00,1991-07-21 00:00:00,6
1991-07-24 00:00:00,1991-09-09 00:00:00,48
1991-09-12 00:00:00,1991-09-16 00:00:00,5
1991-09-19 00:00:00,1991-09-24 00:00:00,6
1991-09-29 00:00:00,1991-10-07 00:00:00,9
1991-10-12 00:00:00,1991-10-16 00:00:00,5
1991-10-20 00:00:00,1991-10-22 00:00:00,3
1991-10-29 00:00:00,1991-10-31 00:00:00,3
1991-11-04 00:00:00,1991-11-04 00:00:00,1
1991-11-07 00:00:00,1991-11-08 00:00:00,2
1991-11-10 00:00:00,1991-11-11 00:00:00,2
1991-11-14 00:00:00,1991-11-14 00:00:00,1
1991-11-19 00:00:00,1991-11-19 00:00:00,1
1991-11-23 00:00:00,1991-11-23 00:00:00,1
1991-11-25 00:00:00,1991-11-27 00:00:00,3
1991-12-15 00:00:00,1991-12-15 00:00:00,1
1991-12-24 00:00:00,1991-12-27 00:00:00,4
1992-01-06 00:00:00,1992-01-06 00:00:00,1
1992-01-12 00:00:00,1992-01-17 00:00:00,6
1992-01-20 00:00:00,1992-01-23 00:00:00,4
1992-01-25 00:00:00,1992-01-25 00:00:00,1
1992-02-05 00:00:00,1992-02-05 00:00:00,1
1992-02-07 00:00:00,1992-02-07 00:00:00,1
1992-03-06 00:00:00,1992-03-06 00:00:00,1
1992-03-12 00:00:00,1992-03-12 00:00:00,1
1992-03-21 00:00:00,1992-03-22 00:00:00,2
1992-03-27 00:00:00,1992-03-27 00:00:00,1
1992-04-17 00:00:00,1992-04-17 00:00:00,1
1992-05-01 00:00:00,1992-05-03 00:00:00,3
1992-05-16 00:00:00,1992-05-16 00:00:00,1
1992-05-23 00:00:00,1992-05-29 00:00:00,7
1992-06-05 00:00:00,1992-06-06 00:00:00,2
1992-06-08 00:00:00,1992-06-08 00:00:00,1
1992-06-11 00:00:00,1992-06-14 00:00:00,4
1992-06-18 00:00:00,1992-06-21 00:00:00,4
1992-06-26 00:00:00,1992-06-29 00:00:00,4
1992-07-08 00:00:00,1992-07-08 00:00:00,1
1992-07-10 00:00:00,1992-07-13 00:00:00,4
1992-07-15 00:00:00,1992-07-15 00:00:00,1
1992-07-22 00:00:00,1992-07-22 00:00:00,1
1992-07-25 00:00:00,1992-07-25 00:00:00,1
1992-08-05 00:00:00,1992-08-05 00:00:00,1
1992-08-12 00:00:00,1992-08-16 00:00:00,5
1992-08-18 00:00:00,1992-08-22 00:00:00,5
1992-08-25 00:00:00,1992-08-26 00:00:00,2
1992-08-28 00:00:00,1992-08-29 00:00:00,2
1992-09-05 00:00:00,1992-09-06 00:00:00,2
1992-09-12 00:00:00,1992-09-14 00:00:00,3
1992-09-17 00:00:00,1992-09-17 00:00:00,1
1992-09-19 00:00:00,1992-09-21 00:00:00,3
1992-09-23 00:00:00,1992-09-24 00:00:00,2
1992-09-27 00:00:00,1992-09-28 00:00:00,2
1992-10-01 00:00:00,1992-10-03 00:00:00,3
1992-10-06 00:00:00,1992-10-09 00:00:00,4
1992-10-11 00:00:00,1992-10-18 00:00:00,8
1992-10-22 00:00:00,1992-10-22 00:00:00,1
1992-10-24 00:00:00,1992-10-24 00:00:00,1
1992-10-26 00:00:00,1992-10-26 00:00:00,1
1992-11-03 00:00:00,1992-11-03 00:00:00,1
1992-11-08 00:00:00,1992-11-09 00:00:00,2
1992-11-11 00:00:00,1992-11-14 00:00:00,4
1992-11-23 00:00:00,1992-11-23 00:00:00,1
1992-11-27 00:00:00,1992-11-28 00:00:00,2
1992-12-02 00:00:00,1992-12-02 00:00:00,1
1992-12-12 00:00:00,1992-12-14 00:00:00,3
1992-12-23 00:00:00,1992-12-23 00:00:00,1
1992-12-29 00:00:00,1992-12-30 00:00:00,2
1993-01-01 00:00:00,1993-01-03 00:00:00,3
1993-01-15 00:00:00,1993-01-16 00:00:00,2
1993-01-20 00:00:00,1993-01-24 00:00:00,5
1993-01-28 00:00:00,1993-01-29 00:00:00,2
1993-02-03 00:00:00,1993-02-04 00:00:00,2
1993-02-12 00:00:00,1993-02-12 00:00:00,1
1993-03-03 00:00:00,1993-03-03 00:00:00,1
1993-03-22 00:00:00,1993-03-22 00:00:00,1
1993-03-26 00:00:00,1993-03-26 00:00:00,1
1993-03-31 00:00:00,1993-04-08 00:00:00,9
1993-04-14 00:00:00,1993-04-14 00:00:00,1
1993-04-19 00:00:00,1993-04-19 00:00:00,1
1993-04-21 00:00:00,1993-04-22 00:00:00,2
1993-04-24 00:00:00,1993-04-26 00:00:00,3
1993-04-28 00:00:00,1993-04-28 00:00:00,1
1993-05-02 00:00:00,1993-05-02 00:00:00,1
1993-05-04 00:00:00,1993-05-08 00:00:00,5
1993-05-12 00:00:00,1993-05-12 00:00:00,1
1993-05-16 00:00:00,1993-05-16 00:00:00,1
1993-05-19 00:00:00,1993-05-19 00:00:00,1
1993-05-26 00:00:00,1993-05-26 00:00:00,1
1993-06-05 00:00:00,1993-06-05 00:00:00,1
1993-06-09 00:00:00,1993-06-09 00:00:00,1
1993-06-14 00:00:00,1993-06-15 00:00:00,2
1993-06-17 00:00:00,1993-06-17 00:00:00,1
1993-06-19 00:00:00,1993-06-28 00:00:00,10
1993-07-04 00:00:00,1993-07-04 00:00:00,1
1993-07-16 00:00:00,1993-07-17 00:00:00,2
1993-07-31 00:00:00,1993-08-01 00:00:00,2
1993-08-03 00:00:00,1993-08-24 00:00:00,22
1993-09-05 00:00:00,1993-09-06 00:00:00,2
1993-09-11 00:00:00,1993-09-12 00:00:00,2
1993-09-16 00:00:00,1993-09-16 00:00:00,1
1993-09-18 00:00:00,1993-09-22 00:00:00,5
1993-09-26 00:00:00,1993-09-26 00:00:00,1
1993-09-28 00:00:00,1993-09-30 00:00:00,3
1993-10-02 00:00:00,1993-10-04 00:00:00,3
1993-10-07 00:00:00,1993-10-11 00:00:00,5
1993-10-22 00:00:00,1993-10-22 00:00:00,1
1993-10-27 00:00:00,1993-10-27 00:00:00,1
1993-11-04 00:00:00,1993-11-06 00:00:00,3
1993-11-17 00:00:00,1993-11-20 00:00:00,4
1993-11-28 00:00:00,1993-12-02 00:00:00,5
1993-12-04 00:00:00,1993-12-04 00:00:00,1
1993-12-15 00:00:00,1993-12-15 00:00:00,1
1993-12-19 00:00:00,1993-12-21 00:00:00,3
1993-12-28 00:00:00,1993-12-29 00:00:00,2
1993-12-31 00:00:00,1994-01-07 00:00:00,8
1994-01-24 00:00:00,1994-01-24 00:00:00,1
1994-02-17 00:00:00,1994-02-17 00:00:00,1
1994-02-23 00:00:00,1994-02-24 00:00:00,2
1994-02-26 00:00:00,1994-02-26 00:00:00,1
1994-03-12 00:00:00,1994-03-12 00:00:00,1
1994-03-14 00:00:00,1994-03-15 00:00:00,2
1994-03-17 00:00:00,1994-03-20 00:00:00,4
1994-04-03 00:00:00,1994-04-03 00:00:00,1
1994-04-09 00:00:00,1994-04-09 00:00:00,1
1994-04-13 00:00:00,1994-04-15 00:00:00,3
1994-05-08 00:00:00,1994-05-08 00:00:00,1
1994-05-10 00:00:00,1994-05-10 00:00:00,1
1994-05-13 00:00:00,1994-05-21 00:00:00,9
1994-05-23 00:00:00,1994-05-29 00:00:00,7
1994-06-11 00:00:00,1994-06-14 00:00:00,4
1994-06-16 00:00:00,1994-06-23 00:00:00,8
1994-06-25 00:00:00,1994-06-28 00:00:00,4
1994-07-06 00:00:00,1994-07-06 00:00:00,1
1994-07-14 00:00:00,1994-07-17 00:00:00,4
1994-07-19 00:00:00,1994-07-27 00:00:00,9
1994-07-29 00:00:00,1994-07-29 00:00:00,1
1994-08-02 00:00:00,1994-08-18 00:00:00,17
1994-08-20 00:00:00,1994-08-20 00:00:00,1
1994-08-23 00:00:00,1994-08-26 00:00:00,4
1994-09-03 00:00:00,1994-09-05 00:00:00,3
1994-09-07 00:00:00,1994-09-07 00:00:00,1
1994-09-09 00:00:00,1994-09-09 00:00:00,1
1994-09-12 00:00:00,1994-09-12 00:00:00,1
1994-09-15 00:00:00,1994-09-29 00:00:00,15
1994-10-04 00:00:00,1994-10-06 00:00:00,3
1994-10-09 00:00:00,1994-10-09 00:00:00,1
1994-10-11 00:00:00,1994-10-11 00:00:00,1
1994-10-27 00:00:00,1994-10-28 00:00:00,2
1994-11-04 00:00:00,1994-11-11 00:00:00,8
1994-11-13 00:00:00,1994-11-13 00:00:00,1
1994-11-26 00:00:00,1994-11-26 00:00:00,1
1994-11-28 00:00:00,1994-11-29 00:00:00,2
1994-12-14 00:00:00,1994-12-16 00:00:00,3
1994-12-20 00:00:00,1994-12-22 00:00:00,3
1994-12-28 00:00:00,1994-12-29 00:00:00,2
1995-01-13 00:00:00,1995-01-15 00:00:00,3
1995-01-18 00:00:00,1995-01-18 00:00:00,1
1995-01-25 00:00:00,1995-01-25 00:00:00,1
1995-01-27 00:00:00,1995-01-27 00:00:00,1
1995-01-31 00:00:00,1995-01-31 00:00:00,1
1995-02-02 00:00:00,1995-02-02 00:00:00,1
1995-02-08 00:00:00,1995-02-08 00:00:00,1
1995-02-10 00:00:00,1995-02-10 00:00:00,1
1995-02-22 00:00:00,1995-02-22 00:00:00,1
1995-03-04 00:00:00,1995-03-05 00:00:00,2
1995-03-14 00:00:00,1995-03-16 00:00:00,3
1995-03-22 00:00:00,1995-03-25 00:00:00,4
1995-03-31 00:00:00,1995-04-01 00:00:00,2
1995-04-08 00:00:00,1995-04-12 00:00:00,5
1995-04-19 00:00:00,1995-04-19 00:00:00,1
1995-04-24 00:00:00,1995-04-24 00:00:00,1
1995-05-06 00:00:00,1995-05-06 00:00:00,1
1995-05-20 00:00:00,1995-05-20 00:00:00,1
1995-05-23 00:00:00,1995-05-23 00:00:00,1
1995-05-27 00:00:00,1995-05-30 00:00:00,4
1995-06-11 00:00:00,1995-06-13 00:00:00,3
1995-06-18 00:00:00,1995-06-23 00:00:00,6
1995-07-02 00:00:00,1995-07-04 00:00:00,3
1995-07-11 00:00:00,1995-07-11 00:00:00,1
1995-07-13 00:00:00,1995-07-16 00:00:00,4
1995-07-18 00:00:00,1995-08-13 00:00:00,27
1995-08-21 00:00:00,1995-08-21 00:00:00,1
1995-08-23 00:00:00,1995-08-27 00:00:00,5
1995-08-31 00:00:00,1995-09-01 00:00:00,2
1995-09-07 00:00:00,1995-09-09 00:00:00,3
1995-09-12 00:00:00,1995-09-15 00:00:00,4
1995-09-26 00:00:00,1995-10-01 00:00:00,6
1995-10-05 00:00:00,1995-10-07 00:00:00,3
1995-10-10 00:00:00,1995-10-11 00:00:00,2
1995-10-14 00:00:00,1995-10-18 00:00:00,5
1995-10-20 00:00:00,1995-10-21 00:00:00,2
1995-10-29 00:00:00,1995-10-31 00:00:00,3
1995-11-03 00:00:00,1995-11-03 00:00:00,1
1995-11-14 00:00:00,1995-11-14 00:00:00,1
1995-11-24 00:00:00,1995-12-01 00:00:00,8
1995-12-05 00:00:00,1995-12-05 00:00:00,1
1995-12-08 00:00:00,1995-12-08 00:00:00,1
1995-12-10 00:00:00,1995-12-10 00:00:00,1
1995-12-14 00:00:00,1995-12-15 00:00:00,2
1995-12-20 00:00:00,1995-12-21 00:00:00,2
1995-12-30 00:00:00,1995-12-30 00:00:00,1
1996-01-13 00:00:00,1996-01-17 00:00:00,5
1996-01-22 00:00:00,1996-01-22 00:00:00,1
1996-02-09 00:00:00,1996-02-09 00:00:00,1
1996-02-11 00:00:00,1996-02-11 00:00:00,1
1996-02-18 00:00:00,1996-02-18 00:00:00,1
1996-02-21 00:00:00,1996-02-21 00:00:00,1
1996-03-14 00:00:00,1996-03-17 00:00:00,4
1996-03-19 00:00:00,1996-03-19 00:00:00,1
1996-03-22 00:00:00,1996-03-22 00:00:00,1
1996-04-01 00:00:00,1996-04-08 00:00:00,8
1996-04-11 00:00:00,1996-04-21 00:00:00,11
1996-05-12 00:00:00,1996-05-13 00:00:00,2
1996-05-23 00:00:00,1996-05-26 00:00:00,4
1996-05-28 00:00:00,1996-05-28 00:00:00,1
1996-05-30 00:00:00,1996-05-30 00:00:00,1
1996-06-07 00:00:00,1996-06-07 00:00:00,1
1996-06-13 00:00:00,1996-06-13 00:00:00,1
1996-06-18 00:00:00,1996-06-21 00:00:00,4
1996-06-25 00:00:00,1996-06-25 00:00:00,1
1996-06-28 00:00:00,1996-07-01 00:00:00,4
1996-07-03 00:00:00,1996-07-04 00:00:00,2
1996-07-09 00:00:00,1996-07-10 00:00:00,2
1996-07-15 00:00:00,1996-07-26 00:00:00,12
1996-07-30 00:00:00,1996-07-30 00:00:00,1
1996-08-02 00:00:00,1996-08-03 00:00:00,2
1996-08-05 00:00:00,1996-08-05 00:00:00,1
1996-08-09 00:00:00,1996-08-16 00:00:00,8
1996-08-21 00:00:00,1996-08-29 00:00:00,9
1996-09-04 00:00:00,1996-09-09 00:00:00,6
1996-09-11 00:00:00,1996-09-12 00:00:00,2
1996-09-14 00:00:00,1996-09-18 00:00:00,5
1996-09-22 00:00:00,1996-09-22 00:00:00,1
1996-09-24 00:00:00,1996-09-25 00:00:00,2
1996-09-27 00:00:00,1996-09-27 00:00:00,1
1996-10-03 00:00:00,1996-10-04 00:00:00,2
1996-10-11 00:00:00,1996-10-12 00:00:00,2
1996-10-14 00:00:00,1996-10-14 00:00:00,1
1996-10-18 00:00:00,1996-10-18 00:00:00,1
1996-10-22 00:00:00,1996-10-22 00:00:00,1
1996-10-25 00:00:00,1996-10-25 00:00:00,1
1996-10-29 00:00:00,1996-10-29 00:00:00,1
1996-11-11 00:00:00,1996-11-16 00:00:00,6
1996-11-26 00:00:00,1996-11-28 00:00:00,3
1996-11-30 00:00:00,1996-12-02 00:00:00,3
1996-12-15 00:00:00,1996-12-15 00:00:00,1
1996-12-17 00:00:00,1996-12-17 00:00:00,1
1996-12-20 00:00:00,1996-12-20 00:00:00,1
1996-12-25 00:00:00,1996-12-25 00:00:00,1
1996-12-28 00:00:00,1996-12-29 00:00:00,2
1997-01-09 00:00:00,1997-01-10 00:00:00,2
1997-01-14 00:00:00,1997-01-17 00:00:00,4
1997-01-24 00:00:00,1997-01-24 00:00:00,1
1997-02-04 00:00:00,1997-02-09 00:00:00,6
1997-02-22 00:00:00,1997-02-23 00:00:00,2
1997-03-01 00:00:00,1997-03-03 00:00:00,3
1997-03-08 00:00:00,1997-03-08 00:00:00,1
1997-03-16 00:00:00,1997-03-22 00:00:00,7
1997-03-25 00:00:00,1997-03-25 00:00:00,1
1997-03-28 00:00:00,1997-03-28 00:00:00,1
1997-04-10 00:00:00,1997-04-15 00:00:00,6
1997-04-23 00:00:00,1997-04-23 00:00:00,1
1997-04-25 00:00:00,1997-04-25 00:00:00,1
1997-05-10 00:00:00,1997-05-13 00:00:00,4
1997-05-20 00:00:00,1997-05-21 00:00:00,2
1997-05-27 00:00:00,1997-05-27 00:00:00,1
1997-05-30 00:00:00,1997-05-30 00:00:00,1
1997-06-09 00:00:00,1997-06-09 00:00:00,1
1997-06-12 00:00:00,1997-06-13 00:00:00,2
1997-06-18 00:00:00,1997-06-18 00:00:00,1
1997-06-27 00:00:00,1997-06-27 00:00:00,1
1997-07-01 00:00:00,1997-07-01 00:00:00,1
1997-07-03 00:00:00,1997-07-04 00:00:00,2
1997-07-10 00:00:00,1997-07-10 00:00:00,1
1997-07-18 00:00:00,1997-07-20 00:00:00,3
1997-07-23 00:00:00,1997-07-23 00:00:00,1
1997-07-30 00:00:00,1997-07-30 00:00:00,1
1997-08-02 00:00:00,1997-08-02 00:00:00,1
1997-08-04 00:00:00,1997-08-04 00:00:00,1
1997-08-11 00:00:00,1997-08-11 00:00:00,1
1997-08-13 00:00:00,1997-08-21 00:00:00,9
1997-08-25 00:00:00,1997-08-31 00:00:00,7
1997-09-07 00:00:00,1997-09-09 00:00:00,3
1997-09-15 00:00:00,1997-09-15 00:00:00,1
1997-09-17 00:00:00,1997-09-17 00:00:00,1
1997-10-01 00:00:00,1997-10-05 00:00:00,5
1997-10-09 00:00:00,1997-10-09 00:00:00,1
1997-10-11 00:00:00,1997-10-16 00:00:00,6
1997-10-18 00:00:00,1997-10-19 00:00:00,2
1997-10-23 00:00:00,1997-10-26 00:00:00,4
1997-11-02 00:00:00,1997-11-02 00:00:00,1
1997-11-08 00:00:00,1997-11-11 00:00:00,4
1997-11-22 00:00:00,1997-11-28 00:00:00,7
1997-12-03 00:00:00,1997-12-07 00:00:00,5
1997-12-14 00:00:00,1997-12-14 00:00:00,1
1997-12-17 00:00:00,1997-12-18 00:00:00,2
1997-12-30 00:00:00,1997-12-30 00:00:00,1
1998-01-01 00:00:00,1998-01-01 00:00:00,1
1998-01-03 00:00:00,1998-01-05 00:00:00,3
1998-01-08 00:00:00,1998-01-08 00:00:00,1
1998-01-23 00:00:00,1998-01-24 00:00:00,2
1998-02-03 00:00:00,1998-02-03 00:00:00,1
1998-02-05 00:00:00,1998-02-05 00:00:00,1
1998-02-20 00:00:00,1998-02-20 00:00:00,1
1998-02-24 00:00:00,1998-02-25 00:00:00,2
1998-03-04 00:00:00,1998-03-06 00:00:00,3
1998-03-14 00:00:00,1998-03-16 00:00:00,3
1998-03-18 00:00:00,1998-03-18 00:00:00,1
1998-03-22 00:00:00,1998-03-22 00:00:00,1
1998-03-24 00:00:00,1998-03-29 00:00:00,6
1998-03-31 00:00:00,1998-04-01 00:00:00,2
1998-04-05 00:00:00,1998-04-05 00:00:00,1
1998-04-09 00:00:00,1998-04-09 00:00:00,1
1998-04-21 00:00:00,1998-04-21 00:00:00,1
1998-04-27 00:00:00,1998-04-27 00:00:00,1
1998-04-30 00:00:00,1998-04-30 00:00:00,1
1998-05-08 00:00:00,1998-05-09 00:00:00,2
1998-05-11 00:00:00,1998-05-13 00:00:00,3
1998-05-20 00:00:00,1998-05-25 00:00:00,6
1998-05-27 00:00:00,1998-05-29 00:00:00,3
1998-06-05 00:00:00,1998-06-15 00:00:00,11
1998-06-19 00:00:00,1998-06-19 00:00:00,1
1998-06-24 00:00:00,1998-06-27 00:00:00,4
1998-07-03 00:00:00,1998-07-03 00:00:00,1
1998-07-10 00:00:00,1998-07-11 00:00:00,2
1998-07-15 00:00:00,1998-07-17 00:00:00,3
1998-07-24 00:00:00,1998-07-24 00:00:00,1
1998-07-30 00:00:00,1998-07-30 00:00:00,1
1998-08-02 00:00:00,1998-08-02 00:00:00,1
1998-08-08 00:00:00,1998-08-08 00:00:00,1
1998-08-11 00:00:00,1998-08-13 00:00:00,3
1998-08-20 00:00:00,1998-08-20 00:00:00,1
1998-09-17 00:00:00,1998-09-19 00:00:00,3
1998-09-30 00:00:00,1998-10-01 00:00:00,2
1998-10-03 00:00:00,1998-10-05 00:00:00,3
1998-10-08 00:00:00,1998-10-08 00:00:00,1
1998-10-12 00:00:00,1998-10-12 00:00:00,1
1998-10-15 00:00:00,1998-10-22 00:00:00,8
1998-10-24 00:00:00,1998-10-24 00:00:00,1
1998-10-28 00:00:00,1998-10-29 00:00:00,2
1998-11-03 00:00:00,1998-11-05 00:00:00,3
1998-11-08 00:00:00,1998-11-08 00:00:00,1
1998-11-20 00:00:00,1998-11-21 00:00:00,2
1998-11-28 00:00:00,1998-11-28 00:00:00,1
1998-12-03 00:00:00,1998-12-04 00:00:00,2
1998-12-10 00:00:00,1998-12-11 00:00:00,2
1998-12-23 00:00:00,1998-12-23 00:00:00,1
1998-12-26 00:00:00,1998-12-26 00:00:00,1
1998-12-28 00:00:00,1998-12-28 00:00:00,1
1999-01-09 00:00:00,1999-01-09 00:00:00,1
1999-01-14 00:00:00,1999-01-14 00:00:00,1
1999-01-16 00:00:00,1999-01-20 00:00:00,5
1999-01-23 00:00:00,1999-01-24 00:00:00,2
1999-02-06 00:00:00,1999-02-06 00:00:00,1
1999-02-17 00:00:00,1999-02-18 00:00:00,2
1999-02-24 00:00:00,1999-02-24 00:00:00,1
1999-03-07 00:00:00,1999-03-08 00:00:00,2
1999-03-27 00:00:00,1999-03-28 00:00:00,2
1999-03-31 00:00:00,1999-03-31 00:00:00,1
1999-04-02 00:00:00,1999-04-02 00:00:00,1
1999-04-07 00:00:00,1999-04-07 00:00:00,1
1999-04-17 00:00:00,1999-04-17 00:00:00,1
1999-04-20 00:00:00,1999-04-29 00:00:00,10
1999-05-01 00:00:00,1999-05-01 00:00:00,1
1999-05-15 00:00:00,1999-05-18 00:00:00,4
1999-05-26 00:00:00,1999-05-27 00:00:00,2
1999-05-30 00:00:00,1999-05-31 00:00:00,2
1999-06-12 00:00:00,1999-06-14 00:00:00,3
1999-06-17 00:00:00,1999-06-23 00:00:00,7
1999-06-26 00:00:00,1999-06-26 00:00:00,1
1999-07-03 00:00:00,1999-07-03 00:00:00,1
1999-07-07 00:00:00,1999-07-08 00:00:00,2
1999-07-19 00:00:00,1999-07-20 00:00:00,2
1999-07-22 00:00:00,1999-07-23 00:00:00,2
1999-08-04 00:00:00,1999-08-04 00:00:00,1
1999-08-06 00:00:00,1999-08-06 00:00:00,1
1999-08-11 00:00:00,1999-08-13 00:00:00,3
1999-08-15 00:00:00,1999-08-22 00:00:00,8
1999-09-13 00:00:00,1999-09-17 00:00:00,5
1999-09-19 00:00:00,1999-09-20 00:00:00,2
1999-09-24 00:00:00,1999-09-26 00:00:00,3
1999-10-07 00:00:00,1999-10-13 00:00:00,7
1999-10-16 00:00:00,1999-10-17 00:00:00,2
1999-10-19 00:00:00,1999-10-19 00:00:00,1
1999-10-26 00:00:00,1999-10-27 00:00:00,2
1999-10-29 00:00:00,1999-10-31 00:00:00,3
1999-11-04 00:00:00,1999-11-06 00:00:00,3
1999-11-10 00:00:00,1999-11-12 00:00:00,3
1999-11-14 00:00:00,1999-11-16 00:00:00,3
1999-11-18 00:00:00,1999-11-18 00:00:00,1
1999-11-27 00:00:00,1999-11-27 00:00:00,1
1999-11-30 00:00:00,1999-12-02 00:00:00,3
1999-12-04 00:00:00,1999-12-04 00:00:00,1
1999-12-06 00:00:00,1999-12-10 00:00:00,5
1999-12-21 00:00:00,1999-12-22 00:00:00,2
1999-12-26 00:00:00,1999-12-26 00:00:00,1
2000-01-21 00:00:00,2000-01-21 00:00:00,1
2000-02-20 00:00:00,2000-02-20 00:00:00,1
2000-03-07 00:00:00,2000-03-07 00:00:00,1
2000-03-14 00:00:00,2000-03-16 00:00:00,3
2000-03-25 00:00:00,2000-03-27 00:00:00,3
2000-04-01 00:00:00,2000-04-01 00:00:00,1
2000-04-04 00:00:00,2000-04-05 00:00:00,2
2000-04-15 00:00:00,2000-04-17 00:00:00,3
2000-04-20 00:00:00,2000-04-20 00:00:00,1
2000-04-23 00:00:00,2000-04-23 00:00:00,1
2000-05-12 00:00:00,2000-05-15 00:00:00,4
2000-05-29 00:00:00,2000-06-08 00:00:00,11
2000-06-24 00:00:00,2000-06-25 00:00:00,2
2000-06-30 00:00:00,2000-06-30 00:00:00,1
2000-07-02 00:00:00,2000-07-03 00:00:00,2
2000-07-07 00:00:00,2000-07-09 00:00:00,3
2000-07-14 00:00:00,2000-07-15 00:00:00,2
2000-07-17 00:00:00,2000-07-25 00:00:00,9
2000-08-11 00:00:00,2000-08-12 00:00:00,2
2000-08-17 00:00:00,2000-08-23 00:00:00,7
2000-08-26 00:00:00,2000-08-28 00:00:00,3
2000-08-30 00:00:00,2000-08-30 00:00:00,1
2000-09-04 00:00:00,2000-09-26 00:00:00,23
2000-09-29 00:00:00,2000-10-10 00:00:00,12
2000-10-16 00:00:00,2000-10-17 00:00:00,2
2000-10-21 00:00:00,2000-10-21 00:00:00,1
2000-10-29 00:00:00,2000-10-29 00:00:00,1
2000-11-11 00:00:00,2000-11-11 00:00:00,1
2000-11-25 00:00:00,2000-11-26 00:00:00,2
2000-11-29 00:00:00,2000-11-30 00:00:00,2
2000-12-03 00:00:00,2000-12-03 00:00:00,1
2000-12-05 00:00:00,2000-12-07 00:00:00,3
2000-12-11 00:00:00,2000-12-12 00:00:00,2
2000-12-18 00:00:00,2000-12-24 00:00:00,7
2001-01-03 00:00:00,2001-01-08 00:00:00,6
2001-01-10 00:00:00,2001-01-17 00:00:00,8
2001-01-23 00:00:00,2001-01-25 00:00:00,3
2001-01-27 00:00:00,2001-01-27 00:00:00,1
2001-02-06 00:00:00,2001-02-06 00:00:00,1
2001-02-11 00:00:00,2001-02-12 00:00:00,2
2001-02-14 00:00:00,2001-02-16 00:00:00,3
2001-02-23 00:00:00,2001-02-23 00:00:00,1
2001-02-25 00:00:00,2001-02-25 00:00:00,1
2001-02-27 00:00:00,2001-02-27 00:00:00,1
2001-03-01 00:00:00,2001-03-01 00:00:00,1
2001-03-04 00:00:00,2001-03-04 00:00:00,1
2001-03-06 00:00:00,2001-03-06 00:00:00,1
2001-03-18 00:00:00,2001-03-18 00:00:00,1
2001-03-23 00:00:00,2001-03-25 00:00:00,3
2001-04-10 00:00:00,2001-04-10 00:00:00,1
2001-04-12 00:00:00,2001-04-12 00:00:00,1
2001-04-16 00:00:00,2001-04-16 00:00:00,1
2001-04-18 00:00:00,2001-04-18 00:00:00,1
2001-04-20 00:00:00,2001-04-20 00:00:00,1
2001-05-04 00:00:00,2001-05-04 00:00:00,1
2001-05-09 00:00:00,2001-05-16 00:00:00,8
2001-05-25 00:00:00,2001-05-31 00:00:00,7
2001-06-02 00:00:00,2001-06-02 00:00:00,1
2001-06-11 00:00:00,2001-06-12 00:00:00,2
2001-06-14 00:00:00,2001-06-19 00:00:00,6
2001-06-22 00:00:00,2001-06-27 00:00:00,6
2001-07-05 00:00:00,2001-07-05 00:00:00,1
2001-07-08 00:00:00,2001-07-12 00:00:00,5
2001-07-15 00:00:00,2001-07-23 00:00:00,9
2001-07-30 00:00:00,2001-07-30 00:00:00,1
2001-08-01 00:00:00,2001-08-02 00:00:00,2
2001-08-06 00:00:00,2001-08-14 00:00:00,9
2001-08-16 00:00:00,2001-08-25 00:00:00,10
2001-08-28 00:00:00,2001-09-01 00:00:00,5
2001-09-03 00:00:00,2001-09-05 00:00:00,3
2001-09-07 00:00:00,2001-09-07 00:00:00,1
2001-09-10 00:00:00,2001-09-11 00:00:00,2
2001-09-14 00:00:00,2001-09-14 00:00:00,1
2001-09-17 00:00:00,2001-09-19 00:00:00,3
2001-09-21 00:00:00,2001-09-21 00:00:00,1
2001-09-26 00:00:00,2001-10-03 00:00:00,8
2001-10-06 00:00:00,2001-10-09 00:00:00,4
2001-10-13 00:00:00,2001-10-13 00:00:00,1
2001-10-16 00:00:00,2001-10-16 00:00:00,1
2001-10-20 00:00:00,2001-10-25 00:00:00,6
2001-10-28 00:00:00,2001-10-28 00:00:00,1
2001-10-31 00:00:00,2001-11-03 00:00:00,4
2001-11-05 00:00:00,2001-11-06 00:00:00,2
2001-11-13 00:00:00,2001-11-14 00:00:00,2
2001-11-21 00:00:00,2001-11-24 00:00:00,4
2001-11-30 00:00:00,2001-11-30 00:00:00,1
2001-12-02 00:00:00,2001-12-02 00:00:00,1
2001-12-04 00:00:00,2001-12-05 00:00:00,2
2001-12-09 00:00:00,2001-12-09 00:00:00,1
2001-12-12 00:00:00,2001-12-12 00:00:00,1
2001-12-15 00:00:00,2001-12-15 00:00:00,1
2001-12-19 00:00:00,2001-12-19 00:00:00,1
2001-12-21 00:00:00,2001-12-21 00:00:00,1
2001-12-24 00:00:00,2001-12-29 00:00:00,6
2002-01-03 00:00:00,2002-01-04 00:00:00,2
2002-01-10 00:00:00,2002-01-15 00:00:00,6
2002-01-18 00:00:00,2002-01-22 00:00:00,5
2002-01-24 00:00:00,2002-01-24 00:00:00,1
2002-01-27 00:00:00,2002-01-27 00:00:00,1
2002-01-29 00:00:00,2002-02-01 00:00:00,4
2002-02-12 00:00:00,2002-02-14 00:00:00,3
2002-02-18 00:00:00,2002-02-18 00:00:00,1
2002-02-21 00:00:00,2002-02-22 00:00:00,2
2002-03-05 00:00:00,2002-03-06 00:00:00,2
2002-03-08 00:00:00,2002-03-08 00:00:00,1
2002-03-11 00:00:00,2002-03-21 00:00:00,11
2002-04-05 00:00:00,2002-04-05 00:00:00,1
2002-04-07 00:00:00,2002-04-07 00:00:00,1
2002-04-10 00:00:00,2002-04-10 00:00:00,1
2002-04-12 00:00:00,2002-04-12 00:00:00,1
2002-04-19 00:00:00,2002-04-26 00:00:00,8
2002-05-12 00:00:00,2002-05-19 00:00:00,8
2002-05-21 00:00:00,2002-05-23 00:00:00,3
2002-05-27 00:00:00,2002-05-28 00:00:00,2
2002-05-31 00:00:00,2002-06-01 00:00:00,2
2002-06-11 00:00:00,2002-06-15 00:00:00,5
2002-06-20 00:00:00,2002-06-26 00:00:00,7
2002-06-28 00:00:00,2002-07-10 00:00:00,13
2002-07-12 00:00:00,2002-07-19 00:00:00,8
2002-07-23 00:00:00,2002-07-29 00:00:00,7
2002-08-01 00:00:00,2002-08-02 00:00:00,2
2002-08-04 00:00:00,2002-08-11 00:00:00,8
2002-08-13 00:00:00,2002-08-14 00:00:00,2
2002-08-16 00:00:00,2002-08-16 00:00:00,1
2002-08-29 00:00:00,2002-08-29 00:00:00,1
2002-08-31 00:00:00,2002-08-31 00:00:00,1
2002-09-02 00:00:00,2002-09-05 00:00:00,4
2002-09-11 00:00:00,2002-09-11 00:00:00,1
2002-09-13 00:00:00,2002-09-13 00:00:00,1
2002-09-15 00:00:00,2002-09-16 00:00:00,2
2002-09-19 00:00:00,2002-09-21 00:00:00,3
2002-09-25 00:00:00,2002-09-28 00:00:00,4
2002-10-01 00:00:00,2002-10-08 00:00:00,8
2002-10-15 00:00:00,2002-10-20 00:00:00,6
2002-10-22 00:00:00,2002-10-22 00:00:00,1
2002-10-24 00:00:00,2002-10-25 00:00:00,2
2002-10-30 00:00:00,2002-11-02 00:00:00,4
2002-11-04 00:00:00,2002-11-04 00:00:00,1
2002-11-06 00:00:00,2002-11-06 00:00:00,1
2002-11-08 00:00:00,2002-11-11 00:00:00,4
2002-11-13 00:00:00,2002-11-13 00:00:00,1
2002-11-19 00:00:00,2002-11-28 00:00:00,10
2002-12-06 00:00:00,2002-12-08 00:00:00,3
2002-12-12 00:00:00,2002-12-18 00:00:00,7
2002-12-20 00:00:00,2002-12-20 00:00:00,1
2002-12-23 00:00:00,2002-12-23 00:00:00,1
2002-12-31 00:00:00,2003-01-01 00:00:00,2
2003-01-07 00:00:00,2003-01-12 00:00:00,6
2003-01-14 00:00:00,2003-01-15 00:00:00,2
2003-01-17 00:00:00,2003-01-21 00:00:00,5
2003-01-25 00:00:00,2003-01-31 00:00:00,7
2003-02-13 00:00:00,2003-02-13 00:00:00,1
2003-02-16 00:00:00,2003-02-17 00:00:00,2
2003-03-04 00:00:00,2003-03-04 00:00:00,1
2003-03-10 00:00:00,2003-03-10 00:00:00,1
2003-03-16 00:00:00,2003-03-16 00:00:00,1
2003-04-09 00:00:00,2003-04-09 00:00:00,1
2003-04-16 00:00:00,2003-04-16 00:00:00,1
2003-04-19 00:00:00,2003-04-22 00:00:00,4
2003-05-01 00:00:00,2003-05-01 00:00:00,1
2003-05-04 00:00:00,2003-05-05 00:00:00,2
2003-05-10 00:00:00,2003-05-12 00:00:00,3
2003-05-17 00:00:00,2003-05-19 00:00:00,3
2003-05-21 00:00:00,2003-05-21 00:00:00,1
2003-05-23 00:00:00,2003-05-27 00:00:00,5
2003-06-07 00:00:00,2003-06-09 00:00:00,3
2003-06-11 00:00:00,2003-06-11 00:00:00,1
2003-06-15 00:00:00,2003-06-17 00:00:00,3
2003-06-19 00:00:00,2003-06-20 00:00:00,2
2003-06-23 00:00:00,2003-06-24 00:00:00,2
2003-06-29 00:00:00,2003-06-29 00:00:00,1
2003-07-05 00:00:00,2003-07-05 00:00:00,1
2003-07-09 00:00:00,2003-07-09 00:00:00,1
2003-07-20 00:00:00,2003-07-20 00:00:00,1
2003-07-26 00:00:00,2003-08-05 00:00:00,11
2003-08-07 00:00:00,2003-08-07 00:00:00,1
2003-08-11 00:00:00,2003-08-13 00:00:00,3
2003-08-20 00:00:00,2003-08-21 00:00:00,2
2003-08-26 00:00:00,2003-08-28 00:00:00,3
2003-08-31 00:00:00,2003-08-31 00:00:00,1
2003-09-02 00:00:00,2003-09-26 00:00:00,25
2003-09-28 00:00:00,2003-09-30 00:00:00,3
2003-10-12 00:00:00,2003-10-12 00:00:00,1
2003-10-14 00:00:00,2003-10-16 00:00:00,3
2003-10-22 00:00:00,2003-10-22 00:00:00,1
2003-10-30 00:00:00,2003-10-31 00:00:00,2
2003-11-02 00:00:00,2003-11-07 00:00:00,6
2003-11-12 00:00:00,2003-11-12 00:00:00,1
2003-11-15 00:00:00,2003-11-17 00:00:00,3
2003-11-21 00:00:00,2003-11-21 00:00:00,1
2003-11-25 00:00:00,2003-11-25 00:00:00,1
2003-11-27 00:00:00,2003-11-27 00:00:00,1
2003-11-29 00:00:00,2003-12-02 00:00:00,4
2003-12-11 00:00:00,2003-12-12 00:00:00,2
2003-12-18 00:00:00,2003-12-23 00:00:00,6
2003-12-25 00:00:00,2003-12-25 00:00:00,1
2003-12-30 00:00:00,2003-12-30 00:00:00,1
2004-01-01 00:00:00,2004-01-02 00:00:00,2
2004-01-07 00:00:00,2004-01-07 00:00:00,1
2004-01-23 00:00:00,2004-01-24 00:00:00,2
2004-02-01 00:00:00,2004-02-02 00:00:00,2
2004-02-07 00:00:00,2004-02-08 00:00:00,2
2004-02-11 00:00:00,2004-02-12 00:00:00,2
2004-02-14 00:00:00,2004-02-15 00:00:00,2
2004-02-18 00:00:00,2004-02-20 00:00:00,3
2004-02-22 00:00:00,2004-02-22 00:00:00,1
2004-02-28 00:00:00,2004-03-02 00:00:00,4
2004-03-10 00:00:00,2004-03-10 00:00:00,1
2004-03-25 00:00:00,2004-03-27 00:00:00,3
2004-04-02 00:00:00,2004-04-02 00:00:00,1
2004-04-09 00:00:00,2004-04-09 00:00:00,1
2004-04-11 00:00:00,2004-04-11 00:00:00,1
2004-04-13 00:00:00,2004-04-16 00:00:00,4
2004-04-24 00:00:00,2004-04-26 00:00:00,3
2004-05-02 00:00:00,2004-05-03 00:00:00,2
2004-05-05 00:00:00,2004-05-05 00:00:00,1
2004-05-12 00:00:00,2004-05-23 00:00:00,12
2004-05-28 00:00:00,2004-05-29 00:00:00,2
2004-06-12 00:00:00,2004-06-14 00:00:00,3
2004-06-16 00:00:00,2004-06-19 00:00:00,4
2004-06-21 00:00:00,2004-06-24 00:00:00,4
2004-06-26 00:00:00,2004-06-26 00:00:00,1
2004-06-28 00:00:00,2004-07-03 00:00:00,6
2004-07-05 00:00:00,2004-07-09 00:00:00,5
2004-07-14 00:00:00,2004-07-16 00:00:00,3
2004-07-22 00:00:00,2004-07-26 00:00:00,5
2004-07-30 00:00:00,2004-07-30 00:00:00,1
2004-08-01 00:00:00,2004-08-02 00:00:00,2
2004-08-05 00:00:00,2004-08-17 00:00:00,13
2004-08-20 00:00:00,2004-08-28 00:00:00,9
2004-08-30 00:00:00,2004-08-30 00:00:00,1
2004-09-03 00:00:00,2004-09-03 00:00:00,1
2004-09-15 00:00:00,2004-09-19 00:00:00,5
2004-09-21 00:00:00,2004-09-22 00:00:00,2
2004-09-24 00:00:00,2004-09-24 00:00:00,1
2004-09-26 00:00:00,2004-09-28 00:00:00,3
2004-09-30 00:00:00,2004-10-01 00:00:00,2
2004-10-03 00:00:00,2004-10-05 00:00:00,3
2004-10-07 00:00:00,2004-10-16 00:00:00,10
2004-10-23 00:00:00,2004-10-24 00:00:00,2
2004-10-29 00:00:00,2004-10-29 00:00:00,1
2004-11-01 00:00:00,2004-11-03 00:00:00,3
2004-11-13 00:00:00,2004-11-15 00:00:00,3
2004-11-24 00:00:00,2004-11-25 00:00:00,2
2004-11-28 00:00:00,2004-11-28 00:00:00,1
2004-11-30 00:00:00,2004-12-02 00:00:00,3
2004-12-15 00:00:00,2004-12-15 00:00:00,1
2004-12-19 00:00:00,2004-12-20 00:00:00,2
2004-12-30 00:00:00,2005-01-04 00:00:00,6
2005-01-08 00:00:00,2005-01-08 00:00:00,1
2005-01-11 00:00:00,2005-01-12 00:00:00,2
2005-01-14 00:00:00,2005-01-14 00:00:00,1
2005-01-21 00:00:00,2005-01-21 00:00:00,1
2005-01-29 00:00:00,2005-01-29 00:00:00,1
2005-02-04 00:00:00,2005-02-08 00:00:00,5
2005-02-12 00:00:00,2005-02-13 00:00:00,2
2005-02-17 00:00:00,2005-02-17 00:00:00,1
2005-02-20 00:00:00,2005-02-20 00:00:00,1
2005-02-24 00:00:00,2005-02-24 00:00:00,1
2005-02-27 00:00:00,2005-02-27 00:00:00,1
2005-03-02 00:00:00,2005-03-02 00:00:00,1
2005-03-04 00:00:00,2005-03-05 00:00:00,2
2005-03-12 00:00:00,2005-03-12 00:00:00,1
2005-03-17 00:00:00,2005-03-17 00:00:00,1
2005-03-23 00:00:00,2005-03-24 00:00:00,2
2005-03-28 00:00:00,2005-03-28 00:00:00,1
2005-04-02 00:00:00,2005-04-02 00:00:00,1
2005-04-04 00:00:00,2005-04-04 00:00:00,1
2005-04-17 00:00:00,2005-04-17 00:00:00,1
2005-04-19 00:00:00,2005-04-19 00:00:00,1
2005-04-30 00:00:00,2005-05-01 00:00:00,2
2005-05-15 00:00:00,2005-05-17 00:00:00,3
2005-05-22 00:00:00,2005-05-22 00:00:00,1
2005-05-24 00:00:00,2005-05-25 00:00:00,2
2005-05-28 00:00:00,2005-05-31 00:00:00,4
2005-06-07 00:00:00,2005-06-07 00:00:00,1
2005-06-17 00:00:00,2005-06-18 00:00:00,2
2005-06-23 00:00:00,2005-06-23 00:00:00,1
2005-06-25 00:00:00,2005-06-25 00:00:00,1
2005-07-04 00:00:00,2005-07-04 00:00:00,1
2005-07-11 00:00:00,2005-07-11 00:00:00,1
2005-07-16 00:00:00,2005-07-18 00:00:00,3
2005-07-27 00:00:00,2005-08-01 00:00:00,6
2005-08-04 00:00:00,2005-08-04 00:00:00,1
2005-08-06 00:00:00,2005-08-09 00:00:00,4
2005-08-11 00:00:00,2005-08-11 00:00:00,1
2005-08-15 00:00:00,2005-08-28 00:00:00,14
2005-09-01 00:00:00,2005-09-01 00:00:00,1
2005-09-03 00:00:00,2005-09-04 00:00:00,2
2005-09-07 00:00:00,2005-09-10 00:00:00,4
2005-09-13 00:00:00,2005-09-16 00:00:00,4
2005-09-18 00:00:00,2005-09-25 00:00:00,8
2005-10-03 00:00:00,2005-10-13 00:00:00,11
2005-10-30 00:00:00,2005-10-30 00:00:00,1
2005-11-01 00:00:00,2005-11-01 00:00:00,1
2005-11-08 00:00:00,2005-11-09 00:00:00,2
2005-11-12 00:00:00,2005-11-12 00:00:00,1
2005-11-17 00:00:00,2005-11-20 00:00:00,4
2005-12-04 00:00:00,2005-12-07 00:00:00,4
2005-12-11 00:00:00,2005-12-13 00:00:00,3
2005-12-16 00:00:00,2005-12-16 00:00:00,1
2005-12-20 00:00:00,2005-12-25 00:00:00,6
2005-12-31 00:00:00,2006-01-01 00:00:00,2
2006-01-14 00:00:00,2006-01-15 00:00:00,2
2006-01-31 00:00:00,2006-02-03 00:00:00,4
2006-02-09 00:00:00,2006-02-10 00:00:00,2
2006-03-10 00:00:00,2006-03-10 00:00:00,1
2006-03-15 00:00:00,2006-03-20 00:00:00,6
2006-03-26 00:00:00,2006-03-26 00:00:00,1
2006-03-28 00:00:00,2006-03-29 00:00:00,2
2006-04-02 00:00:00,2006-04-03 00:00:00,2
2006-04-08 00:00:00,2006-04-13 00:00:00,6
2006-04-15 00:00:00,2006-04-15 00:00:00,1
2006-04-18 00:00:00,2006-04-19 00:00:00,2
2006-04-21 00:00:00,2006-04-22 00:00:00,2
2006-04-26 00:00:00,2006-04-29 00:00:00,4
2006-05-02 00:00:00,2006-05-09 00:00:00,8
2006-05-11 00:00:00,2006-05-14 00:00:00,4
2006-05-21 00:00:00,2006-05-22 00:00:00,2
2006-05-25 00:00:00,2006-05-28 00:00:00,4
2006-05-30 00:00:00,2006-06-06 00:00:00,8
2006-06-13 00:00:00,2006-06-13 00:00:00,1
2006-06-17 00:00:00,2006-06-17 00:00:00,1
2006-06-28 00:00:00,2006-06-28 00:00:00,1
2006-07-01 00:00:00,2006-07-02 00:00:00,2
2006-07-05 00:00:00,2006-07-13 00:00:00,9
2006-07-21 00:00:00,2006-07-21 00:00:00,1
2006-07-30 00:00:00,2006-07-31 00:00:00,2
2006-08-02 00:00:00,2006-08-05 00:00:00,4
2006-08-07 00:00:00,2006-08-21 00:00:00,15
2006-08-23 00:00:00,2006-08-25 00:00:00,3
2006-08-27 00:00:00,2006-08-27 00:00:00,1
2006-09-03 00:00:00,2006-09-03 00:00:00,1
2006-09-08 00:00:00,2006-09-09 00:00:00,2
2006-09-20 00:00:00,2006-09-25 00:00:00,6
2006-09-30 00:00:00,2006-10-01 00:00:00,2
2006-10-03 00:00:00,2006-10-09 00:00:00,7
2006-10-13 00:00:00,2006-10-16 00:00:00,4
2006-10-19 00:00:00,2006-10-19 00:00:00,1
2006-10-23 00:00:00,2006-10-27 00:00:00,5
2006-10-29 00:00:00,2006-10-30 00:00:00,2
2006-11-17 00:00:00,2006-11-29 00:00:00,13
2006-12-06 00:00:00,2006-12-07 00:00:00,2
2006-12-11 00:00:00,2006-12-11 00:00:00,1
2006-12-15 00:00:00,2006-12-15 00:00:00,1
2006-12-18 00:00:00,2006-12-21 00:00:00,4
2006-12-24 00:00:00,2006-12-25 00:00:00,2
2006-12-31 00:00:00,2007-01-01 00:00:00,2
2007-01-07 00:00:00,2007-01-08 00:00:00,2
2007-01-15 00:00:00,2007-01-15 00:00:00,1
2007-01-20 00:00:00,2007-01-22 00:00:00,3
2007-01-28 00:00:00,2007-01-29 00:00:00,2
2007-02-01 00:00:00,2007-02-01 00:00:00,1
2007-02-05 00:00:00,2007-02-08 00:00:00,4
2007-02-10 00:00:00,2007-02-10 00:00:00,1
2007-02-27 00:00:00,2007-02-27 00:00:00,1
2007-03-04 00:00:00,2007-03-04 00:00:00,1
2007-03-12 00:00:00,2007-03-13 00:00:00,2
2007-03-16 00:00:00,2007-03-19 00:00:00,4
2007-03-21 00:00:00,2007-03-21 00:00:00,1
2007-03-27 00:00:00,2007-03-28 00:00:00,2
2007-03-30 00:00:00,2007-04-01 00:00:00,3
2007-04-04 00:00:00,2007-04-06 00:00:00,3
2007-04-08 00:00:00,2007-04-08 00:00:00,1
2007-04-11 00:00:00,2007-04-12 00:00:00,2
2007-04-14 00:00:00,2007-04-16 00:00:00,3
2007-04-18 00:00:00,2007-04-20 00:00:00,3
2007-04-25 00:00:00,2007-04-25 00:00:00,1
2007-04-28 00:00:00,2007-04-28 00:00:00,1
2007-04-30 00:00:00,2007-04-30 00:00:00,1
2007-05-02 00:00:00,2007-05-04 00:00:00,3
2007-05-06 00:00:00,2007-05-07 00:00:00,2
2007-05-20 00:00:00,2007-05-20 00:00:00,1
2007-05-23 00:00:00,2007-05-25 00:00:00,3
2007-06-12 00:00:00,2007-06-17 00:00:00,6
2007-06-20 00:00:00,2007-06-20 00:00:00,1
2007-06-22 00:00:00,2007-06-22 00:00:00,1
2007-07-02 00:00:00,2007-07-08 00:00:00,7
2007-07-10 00:00:00,2007-07-10 00:00:00,1
2007-07-12 00:00:00,2007-07-13 00:00:00,2
2007-07-16 00:00:00,2007-07-22 00:00:00,7
2007-07-26 00:00:00,2007-08-14 00:00:00,20
2007-08-18 00:00:00,2007-08-18 00:00:00,1
2007-08-28 00:00:00,2007-08-30 00:00:00,3
2007-09-04 00:00:00,2007-09-04 00:00:00,1
2007-09-09 00:00:00,2007-09-10 00:00:00,2
2007-09-13 00:00:00,2007-09-15 00:00:00,3
2007-09-18 00:00:00,2007-09-18 00:00:00,1
2007-09-21 00:00:00,2007-09-22 00:00:00,2
2007-09-24 00:00:00,2007-09-26 00:00:00,3
2007-09-29 00:00:00,2007-10-01 00:00:00,3
2007-10-03 00:00:00,2007-10-07 00:00:00,5
2007-10-14 00:00:00,2007-10-25 00:00:00,12
2007-10-28 00:00:00,2007-10-28 00:00:00,1
2007-11-01 00:00:00,2007-11-02 00:00:00,2
2007-11-04 00:00:00,2007-11-05 00:00:00,2
2007-11-14 00:00:00,2007-11-16 00:00:00,3
2007-11-20 00:00:00,2007-11-22 00:00:00,3
2007-12-21 00:00:00,2007-12-22 00:00:00,2
2007-12-30 00:00:00,2007-12-30 00:00:00,1
2008-01-27 00:00:00,2008-01-27 00:00:00,1
2008-02-22 00:00:00,2008-02-24 00:00:00,3
2008-03-01 00:00:00,2008-03-02 00:00:00,2
2008-03-30 00:00:00,2008-03-30 00:00:00,1
2008-04-01 00:00:00,2008-04-03 00:00:00,3
2008-04-05 00:00:00,2008-04-05 00:00:00,1
2008-04-12 00:00:00,2008-04-17 00:00:00,6
2008-04-26 00:00:00,2008-04-27 00:00:00,2
2008-04-29 00:00:00,2008-04-29 00:00:00,1
2008-05-01 00:00:00,2008-05-10 00:00:00,10
2008-05-19 00:00:00,2008-05-22 00:00:00,4
2008-05-27 00:00:00,2008-05-27 00:00:00,1
2008-06-06 00:00:00,2008-06-06 00:00:00,1
2008-06-15 00:00:00,2008-06-17 00:00:00,3
2008-06-23 00:00:00,2008-06-24 00:00:00,2
2008-06-26 00:00:00,2008-06-27 00:00:00,2
2008-07-03 00:00:00,2008-07-03 00:00:00,1
2008-07-10 00:00:00,2008-07-10 00:00:00,1
2008-07-12 00:00:00,2008-07-13 00:00:00,2
2008-07-19 00:00:00,2008-07-20 00:00:00,2
2008-07-30 00:00:00,2008-08-05 00:00:00,7
2008-08-07 00:00:00,2008-08-21 00:00:00,15
2008-08-24 00:00:00,2008-08-25 00:00:00,2
2008-08-27 00:00:00,2008-08-27 00:00:00,1
2008-08-31 00:00:00,2008-08-31 00:00:00,1
2008-09-03 00:00:00,2008-09-03 00:00:00,1
2008-09-08 00:00:00,2008-09-08 00:00:00,1
2008-09-10 00:00:00,2008-09-11 00:00:00,2
2008-09-14 00:00:00,2008-09-14 00:00:00,1
2008-09-16 00:00:00,2008-09-17 00:00:00,2
2008-09-23 00:00:00,2008-09-23 00:00:00,1
2008-09-28 00:00:00,2008-10-06 00:00:00,9
2008-10-08 00:00:00,2008-10-09 00:00:00,2
2008-10-18 00:00:00,2008-10-21 00:00:00,4
2008-10-23 00:00:00,2008-11-01 00:00:00,10
2008-11-10 00:00:00,2008-11-10 00:00:00,1
2008-11-12 00:00:00,2008-11-12 00:00:00,1
2008-11-23 00:00:00,2008-11-23 00:00:00,1
2008-11-25 00:00:00,2008-11-25 00:00:00,1
2008-12-01 00:00:00,2008-12-03 00:00:00,3
2008-12-13 00:00:00,2008-12-13 00:00:00,1
2008-12-16 00:00:00,2008-12-18 00:00:00,3
2008-12-22 00:00:00,2008-12-24 00:00:00,3
2009-01-01 00:00:00,2009-01-01 00:00:00,1
2009-01-06 00:00:00,2009-01-08 00:00:00,3
2009-01-10 00:00:00,2009-01-17 00:00:00,8
2009-01-19 00:00:00,2009-01-20 00:00:00,2
2009-02-06 00:00:00,2009-02-06 00:00:00,1
2009-02-08 00:00:00,2009-02-10 00:00:00,3
2009-02-24 00:00:00,2009-02-26 00:00:00,3
2009-02-28 00:00:00,2009-03-02 00:00:00,3
2009-03-07 00:00:00,2009-03-08 00:00:00,2
2009-03-15 00:00:00,2009-03-15 00:00:00,1
2009-03-25 00:00:00,2009-03-25 00:00:00,1
2009-04-01 00:00:00,2009-04-01 00:00:00,1
2009-04-17 00:00:00,2009-04-17 00:00:00,1
2009-04-19 00:00:00,2009-04-19 00:00:00,1
2009-04-24 00:00:00,2009-04-24 00:00:00,1
2009-04-28 00:00:00,2009-05-01 00:00:00,4
2009-05-03 00:00:00,2009-05-03 00:00:00,1
2009-05-11 00:00:00,2009-05-11 00:00:00,1
2009-05-15 00:00:00,2009-05-16 00:00:00,2
2009-05-28 00:00:00,2009-05-28 00:00:00,1
2009-06-11 00:00:00,2009-06-15 00:00:00,5
2009-06-18 00:00:00,2009-06-18 00:00:00,1
2009-06-30 00:00:00,2009-07-05 00:00:00,6
2009-07-11 00:00:00,2009-07-12 00:00:00,2
2009-07-18 00:00:00,2009-07-18 00:00:00,1
2009-07-20 00:00:00,2009-07-20 00:00:00,1
2009-07-23 00:00:00,2009-07-25 00:00:00,3
2009-07-27 00:00:00,2009-07-31 00:00:00,5
2009-08-02 00:00:00,2009-08-02 00:00:00,1
2009-08-04 00:00:00,2009-08-05 00:00:00,2
2009-08-08 00:00:00,2009-08-08 00:00:00,1
2009-08-11 00:00:00,2009-08-12 00:00:00,2
2009-08-15 00:00:00,2009-08-16 00:00:00,2
2009-08-19 00:00:00,2009-08-28 00:00:00,10
2009-09-03 00:00:00,2009-09-04 00:00:00,2
2009-09-09 00:00:00,2009-09-13 00:00:00,5
2009-09-15 00:00:00,2009-09-15 00:00:00,1
2009-09-17 00:00:00,2009-09-21 00:00:00,5
2009-09-23 00:00:00,2009-10-01 00:00:00,9
2009-10-04 00:00:00,2009-10-04 00:00:00,1
2009-10-06 00:00:00,2009-10-07 00:00:00,2
2009-10-09 00:00:00,2009-10-10 00:00:00,2
2009-10-15 00:00:00,2009-10-18 00:00:00,4
2009-10-20 00:00:00,2009-10-23 00:00:00,4
2009-11-02 00:00:00,2009-11-05 00:00:00,4
2009-11-08 00:00:00,2009-11-08 00:00:00,1
2009-11-12 00:00:00,2009-11-13 00:00:00,2
2009-11-15 00:00:00,2009-11-16 00:00:00,2
2009-11-22 00:00:00,2009-11-23 00:00:00,2
2009-11-26 00:00:00,2009-11-27 00:00:00,2
2009-12-01 00:00:00,2009-12-01 00:00:00,1
2009-12-04 00:00:00,2009-12-06 00:00:00,3
2009-12-09 00:00:00,2009-12-11 00:00:00,3
2009-12-18 00:00:00,2009-12-18 00:00:00,1
2010-01-11 00:00:00,2010-01-16 00:00:00,6
2010-01-19 00:00:00,2010-01-19 00:00:00,1
2010-01-21 00:00:00,2010-01-27 00:00:00,7
2010-02-13 00:00:00,2010-02-13 00:00:00,1
2010-03-27 00:00:00,2010-03-27 00:00:00,1
2010-04-03 00:00:00,2010-04-05 00:00:00,3
2010-04-08 00:00:00,2010-04-08 00:00:00,1
2010-04-10 00:00:00,2010-04-11 00:00:00,2
2010-04-26 00:00:00,2010-04-26 00:00:00,1
2010-04-28 00:00:00,2010-04-28 00:00:00,1
2010-05-14 00:00:00,2010-05-14 00:00:00,1
2010-05-16 00:00:00,2010-05-16 00:00:00,1
2010-06-06 00:00:00,2010-06-08 00:00:00,3
2010-06-12 00:00:00,2010-06-12 00:00:00,1
2010-06-14 00:00:00,2010-06-14 00:00:00,1
2010-06-17 00:00:00,2010-06-17 00:00:00,1
2010-07-17 00:00:00,2010-07-17 00:00:00,1
2010-07-22 00:00:00,2010-07-22 00:00:00,1
2010-07-24 00:00:00,2010-07-24 00:00:00,1
2010-08-02 00:00:00,2010-08-05 00:00:00,4
2010-08-07 00:00:00,2010-08-08 00:00:00,2
2010-08-14 00:00:00,2010-08-16 00:00:00,3
2010-08-18 00:00:00,2010-08-19 00:00:00,2
2010-08-28 00:00:00,2010-08-30 00:00:00,3
2010-09-01 00:00:00,2010-09-01 00:00:00,1
2010-09-03 00:00:00,2010-09-03 00:00:00,1
2010-09-09 00:00:00,2010-09-09 00:00:00,1
2010-09-13 00:00:00,2010-09-13 00:00:00,1
2010-09-16 00:00:00,2010-09-17 00:00:00,2
2010-10-01 00:00:00,2010-10-01 00:00:00,1
2010-10-07 00:00:00,2010-10-07 00:00:00,1
2010-10-14 00:00:00,2010-10-14 00:00:00,1
2010-10-18 00:00:00,2010-10-19 00:00:00,2
2010-10-22 00:00:00,2010-10-22 00:00:00,1
2010-10-24 00:00:00,2010-10-24 00:00:00,1
2010-10-30 00:00:00,2010-10-30 00:00:00,1
2010-11-01 00:00:00,2010-11-01 00:00:00,1
2010-11-03 00:00:00,2010-11-03 00:00:00,1
2010-11-11 00:00:00,2010-11-12 00:00:00,2
2010-12-14 00:00:00,2010-12-14 00:00:00,1
2010-12-31 00:00:00,2010-12-31 00:00:00,1
2011-01-16 00:00:00,2011-01-16 00:00:00,1
2011-01-25 00:00:00,2011-01-28 00:00:00,4
2011-02-13 00:00:00,2011-02-13 00:00:00,1
2011-02-21 00:00:00,2011-02-21 00:00:00,1
2011-02-27 00:00:00,2011-03-01 00:00:00,3
2011-03-17 00:00:00,2011-03-17 00:00:00,1
2011-03-23 00:00:00,2011-03-27 00:00:00,5
2011-04-05 00:00:00,2011-04-05 00:00:00,1
2011-05-03 00:00:00,2011-05-03 00:00:00,1
2011-05-08 00:00:00,2011-05-08 00:00:00,1
2011-05-12 00:00:00,2011-05-16 00:00:00,5
2011-05-26 00:00:00,2011-05-26 00:00:00,1
2011-05-28 00:00:00,2011-05-28 00:00:00,1
2011-06-04 00:00:00,2011-06-04 00:00:00,1
2011-06-07 00:00:00,2011-06-09 00:00:00,3
2011-06-11 00:00:00,2011-06-11 00:00:00,1
2011-06-18 00:00:00,2011-06-20 00:00:00,3
2011-06-22 00:00:00,2011-06-23 00:00:00,2
2011-07-05 00:00:00,2011-07-10 00:00:00,6
2011-07-12 00:00:00,2011-07-13 00:00:00,2
2011-07-20 00:00:00,2011-07-20 00:00:00,1
2011-07-22 00:00:00,2011-07-24 00:00:00,3
2011-07-26 00:00:00,2011-07-27 00:00:00,2
2011-07-29 00:00:00,2011-07-29 00:00:00,1
2011-07-31 00:00:00,2011-08-01 00:00:00,2
2011-08-09 00:00:00,2011-08-09 00:00:00,1
2011-08-13 00:00:00,2011-08-13 00:00:00,1
2011-08-16 00:00:00,2011-08-16 00:00:00,1
2011-08-21 00:00:00,2011-08-21 00:00:00,1
2011-08-26 00:00:00,2011-08-26 00:00:00,1
2011-09-04 00:00:00,2011-09-04 00:00:00,1
2011-09-09 00:00:00,2011-09-09 00:00:00,1
2011-09-11 00:00:00,2011-09-24 00:00:00,14
2011-09-26 00:00:00,2011-09-29 00:00:00,4
2011-10-02 00:00:00,2011-10-03 00:00:00,2
2011-10-10 00:00:00,2011-10-13 00:00:00,4
2011-10-24 00:00:00,2011-10-24 00:00:00,1
2011-10-30 00:00:00,2011-10-30 00:00:00,1
2011-11-03 00:00:00,2011-11-13 00:00:00,11
2011-11-15 00:00:00,2011-11-23 00:00:00,9
2011-11-28 00:00:00,2011-11-28 00:00:00,1
2011-12-04 00:00:00,2011-12-05 00:00:00,2
2011-12-18 00:00:00,2011-12-18 00:00:00,1
2011-12-20 00:00:00,2011-12-20 00:00:00,1
2011-12-26 00:00:00,2011-12-27 00:00:00,2
2011-12-29 00:00:00,2011-12-29 00:00:00,1
2012-01-02 00:00:00,2012-01-05 00:00:00,4
2012-01-09 00:00:00,2012-01-14 00:00:00,6
2012-02-05 00:00:00,2012-02-06 00:00:00,2
2012-02-18 00:00:00,2012-02-19 00:00:00,2
2012-03-01 00:00:00,2012-03-01 00:00:00,1
2012-03-03 00:00:00,2012-03-03 00:00:00,1
2012-03-09 00:00:00,2012-03-12 00:00:00,4
2012-03-25 00:00:00,2012-03-27 00:00:00,3
2012-04-01 00:00:00,2012-04-01 00:00:00,1
2012-04-03 00:00:00,2012-04-07 00:00:00,5
2012-04-11 00:00:00,2012-04-12 00:00:00,2
2012-04-21 00:00:00,2012-04-21 00:00:00,1
2012-04-23 00:00:00,2012-04-23 00:00:00,1
2012-04-26 00:00:00,2012-04-26 00:00:00,1
2012-05-07 00:00:00,2012-05-10 00:00:00,4
2012-05-13 00:00:00,2012-05-17 00:00:00,5
2012-05-20 00:00:00,2012-05-21 00:00:00,2
2012-05-23 00:00:00,2012-05-23 00:00:00,1
2012-06-08 00:00:00,2012-06-08 00:00:00,1
2012-06-18 00:00:00,2012-06-18 00:00:00,1
2012-06-20 00:00:00,2012-06-20 00:00:00,1
2012-07-01 00:00:00,2012-07-02 00:00:00,2
2012-07-05 00:00:00,2012-07-05 00:00:00,1
2012-07-16 00:00:00,2012-07-16 00:00:00,1
2012-07-21 00:00:00,2012-07-22 00:00:00,2
2012-07-29 00:00:00,2012-08-15 00:00:00,18
2012-08-17 00:00:00,2012-08-17 00:00:00,1
2012-08-19 00:00:00,2012-08-21 00:00:00,3
2012-08-23 00:00:00,2012-08-23 00:00:00,1
2012-08-26 00:00:00,2012-08-27 00:00:00,2
2012-08-29 00:00:00,2012-08-29 00:00:00,1
2012-09-02 00:00:00,2012-09-07 00:00:00,6
2012-09-09 00:00:00,2012-09-13 00:00:00,5
2012-09-15 00:00:00,2012-09-15 00:00:00,1
2012-09-17 00:00:00,2012-09-17 00:00:00,1
2012-09-26 00:00:00,2012-09-26 00:00:00,1
2012-09-28 00:00:00,2012-09-29 00:00:00,2
2012-10-03 00:00:00,2012-10-03 00:00:00,1
2012-10-05 00:00:00,2012-10-10 00:00:00,6
2012-10-13 00:00:00,2012-10-15 00:00:00,3
2012-10-17 00:00:00,2012-10-19 00:00:00,3
2012-10-23 00:00:00,2012-10-27 00:00:00,5
2012-11-02 00:00:00,2012-11-03 00:00:00,2
2012-11-06 00:00:00,2012-11-08 00:00:00,3
2012-11-12 00:00:00,2012-11-16 00:00:00,5
2012-11-20 00:00:00,2012-11-22 00:00:00,3
2012-11-25 00:00:00,2012-11-28 00:00:00,4
2012-11-30 00:00:00,2012-12-02 00:00:00,3
2012-12-05 00:00:00,2012-12-08 00:00:00,4
2012-12-14 00:00:00,2012-12-17 00:00:00,4
2012-12-25 00:00:00,2012-12-25 00:00:00,1
2012-12-31 00:00:00,2013-01-04 00:00:00,5
2013-01-09 00:00:00,2013-01-09 00:00:00,1
2013-01-14 00:00:00,2013-01-14 00:00:00,1
2013-01-17 00:00:00,2013-01-19 00:00:00,3
2013-02-03 00:00:00,2013-02-04 00:00:00,2
2013-02-07 00:00:00,2013-02-07 00:00:00,1
2013-02-12 00:00:00,2013-02-12 00:00:00,1
2013-02-24 00:00:00,2013-02-24 00:00:00,1
2013-03-15 00:00:00,2013-03-15 00:00:00,1
2013-03-18 00:00:00,2013-03-18 00:00:00,1
2013-04-03 00:00:00,2013-04-03 00:00:00,1
2013-04-20 00:00:00,2013-04-25 00:00:00,6
2013-04-27 00:00:00,2013-04-27 00:00:00,1
2013-04-29 00:00:00,2013-04-29 00:00:00,1
2013-05-05 00:00:00,2013-05-05 00:00:00,1
2013-05-16 00:00:00,2013-05-16 00:00:00,1
2013-05-18 00:00:00,2013-05-21 00:00:00,4
2013-05-25 00:00:00,2013-05-26 00:00:00,2
2013-06-15 00:00:00,2013-06-20 00:00:00,6
2013-06-25 00:00:00,2013-06-25 00:00:00,1
2013-06-27 00:00:00,2013-06-27 00:00:00,1
2013-07-07 00:00:00,2013-07-07 00:00:00,1
2013-07-10 00:00:00,2013-07-10 00:00:00,1
2013-08-04 00:00:00,2013-08-12 00:00:00,9
2013-08-14 00:00:00,2013-08-17 00:00:00,4
2013-08-20 00:00:00,2013-08-30 00:00:00,11
2013-09-01 00:00:00,2013-09-02 00:00:00,2
2013-09-04 00:00:00,2013-09-09 00:00:00,6
2013-09-12 00:00:00,2013-09-12 00:00:00,1
2013-09-14 00:00:00,2013-09-15 00:00:00,2
2013-09-21 00:00:00,2013-09-23 00:00:00,3
2013-09-25 00:00:00,2013-09-27 00:00:00,3
2013-10-04 00:00:00,2013-10-15 00:00:00,12
2013-10-17 00:00:00,2013-10-17 00:00:00,1
2013-10-23 00:00:00,2013-10-24 00:00:00,2
2013-10-26 00:00:00,2013-10-28 00:00:00,3
2013-11-01 00:00:00,2013-11-04 00:00:00,4
2013-11-06 00:00:00,2013-11-10 00:00:00,5
2013-11-21 00:00:00,2013-11-22 00:00:00,2
2013-11-26 00:00:00,2013-11-26 00:00:00,1
2013-11-28 00:00:00,2013-11-29 00:00:00,2
2013-12-02 00:00:00,2013-12-04 00:00:00,3
2013-12-08 00:00:00,2013-12-10 00:00:00,3
2013-12-14 00:00:00,2013-12-14 00:00:00,1
2013-12-19 00:00:00,2013-12-24 00:00:00,6
2013-12-26 00:00:00,2013-12-26 00:00:00,1
2014-01-02 00:00:00,2014-01-02 00:00:00,1
2014-01-13 00:00:00,2014-01-13 00:00:00,1
2014-01-19 00:00:00,2014-01-20 00:00:00,2
2014-02-02 00:00:00,2014-02-02 00:00:00,1
2014-02-05 00:00:00,2014-02-05 00:00:00,1
2014-02-11 00:00:00,2014-02-17 00:00:00,7
2014-02-21 00:00:00,2014-02-21 00:00:00,1
2014-02-27 00:00:00,2014-02-27 00:00:00,1
2014-03-07 00:00:00,2014-03-07 00:00:00,1
2014-03-16 00:00:00,2014-03-16 00:00:00,1
2014-04-03 00:00:00,2014-04-04 00:00:00,2
2014-04-06 00:00:00,2014-04-06 00:00:00,1
2014-04-16 00:00:00,2014-04-16 00:00:00,1
2014-04-21 00:00:00,2014-04-23 00:00:00,3
2014-04-27 00:00:00,2014-04-27 00:00:00,1
2014-05-05 00:00:00,2014-05-08 00:00:00,4
2014-05-10 00:00:00,2014-05-10 00:00:00,1
2014-05-13 00:00:00,2014-05-13 00:00:00,1
2014-05-21 00:00:00,2014-05-21 00:00:00,1
2014-05-25 00:00:00,2014-05-25 00:00:00,1
2014-05-27 00:00:00,2014-05-28 00:00:00,2
2014-06-09 00:00:00,2014-06-10 00:00:00,2
2014-06-17 00:00:00,2014-06-17 00:00:00,1
2014-06-25 00:00:00,2014-06-27 00:00:00,3
2014-07-01 00:00:00,2014-07-02 00:00:00,2
2014-07-06 00:00:00,2014-07-15 00:00:00,10
2014-07-19 00:00:00,2014-07-22 00:00:00,4
2014-07-24 00:00:00,2014-07-24 00:00:00,1
2014-07-28 00:00:00,2014-08-03 00:00:00,7
2014-08-07 00:00:00,2014-08-08 00:00:00,2
2014-08-10 00:00:00,2014-08-12 00:00:00,3
2014-08-14 00:00:00,2014-08-14 00:00:00,1
2014-08-19 00:00:00,2014-08-20 00:00:00,2
2014-08-30 00:00:00,2014-09-04 00:00:00,6
2014-09-07 00:00:00,2014-09-07 00:00:00,1
2014-09-11 00:00:00,2014-09-11 00:00:00,1
2014-09-13 00:00:00,2014-09-13 00:00:00,1
2014-09-18 00:00:00,2014-09-19 00:00:00,2
2014-09-29 00:00:00,2014-10-01 00:00:00,3
2014-10-03 00:00:00,2014-10-05 00:00:00,3
2014-10-07 00:00:00,2014-10-10 00:00:00,4
2014-10-16 00:00:00,2014-10-17 00:00:00,2
2014-10-19 00:00:00,2014-10-20 00:00:00,2
2014-10-24 00:00:00,2014-10-26 00:00:00,3
2014-10-29 00:00:00,2014-10-31 00:00:00,3
2014-11-04 00:00:00,2014-11-04 00:00:00,1
2014-11-10 00:00:00,2014-11-17 00:00:00,8
2014-11-24 00:00:00,2014-11-26 00:00:00,3
2014-11-30 00:00:00,2014-11-30 00:00:00,1
2014-12-24 00:00:00,2014-12-26 00:00:00,3
2014-12-31 00:00:00,2014-12-31 00:00:00,1
2015-01-11 00:00:00,2015-01-11 00:00:00,1
2015-01-17 00:00:00,2015-01-17 00:00:00,1
2015-01-19 00:00:00,2015-01-19 00:00:00,1
2015-02-05 00:00:00,2015-02-05 00:00:00,1
2015-02-08 00:00:00,2015-02-08 00:00:00,1
2015-02-16 00:00:00,2015-02-16 00:00:00,1
2015-02-26 00:00:00,2015-02-26 00:00:00,1
2015-03-04 00:00:00,2015-03-09 00:00:00,6
2015-03-11 00:00:00,2015-03-11 00:00:00,1
2015-03-13 00:00:00,2015-03-13 00:00:00,1
2015-03-16 00:00:00,2015-03-17 00:00:00,2
2015-03-20 00:00:00,2015-03-20 00:00:00,1
2015-03-30 00:00:00,2015-03-31 00:00:00,2
2015-04-09 00:00:00,2015-04-11 00:00:00,3
2015-04-13 00:00:00,2015-04-15 00:00:00,3
2015-04-17 00:00:00,2015-04-17 00:00:00,1
2015-04-22 00:00:00,2015-04-29 00:00:00,8
2015-05-06 00:00:00,2015-05-06 00:00:00,1
2015-05-08 00:00:00,2015-05-13 00:00:00,6
2015-05-15 00:00:00,2015-05-16 00:00:00,2
2015-05-25 00:00:00,2015-05-26 00:00:00,2
2015-05-29 00:00:00,2015-05-30 00:00:00,2
2015-06-02 00:00:00,2015-06-06 00:00:00,5
2015-06-20 00:00:00,2015-06-21 00:00:00,2
2015-06-23 00:00:00,2015-06-23 00:00:00,1
2015-07-03 00:00:00,2015-07-03 00:00:00,1
2015-07-05 00:00:00,2015-07-06 00:00:00,2
2015-07-10 00:00:00,2015-07-10 00:00:00,1
2015-07-14 00:00:00,2015-07-19 00:00:00,6
2015-07-28 00:00:00,2015-08-02 00:00:00,6
2015-08-06 00:00:00,2015-08-11 00:00:00,6
2015-08-14 00:00:00,2015-08-16 00:00:00,3
2015-08-19 00:00:00,2015-08-20 00:00:00,2
2015-08-31 00:00:00,2015-08-31 00:00:00,1
2015-09-02 00:00:00,2015-09-02 00:00:00,1
2015-09-05 00:00:00,2015-09-07 00:00:00,3
2015-09-10 00:00:00,2015-09-11 00:00:00,2
2015-09-14 00:00:00,2015-09-14 00:00:00,1
2015-09-16 00:00:00,2015-09-16 00:00:00,1
2015-09-24 00:00:00,2015-09-26 00:00:00,3
2015-10-06 00:00:00,2015-10-08 00:00:00,3
2015-10-17 00:00:00,2015-10-22 00:00:00,6
2015-11-11 00:00:00,2015-11-11 00:00:00,1
2015-11-20 00:00:00,2015-11-22 00:00:00,3
2015-11-27 00:00:00,2015-11-27 00:00:00,1
2015-12-05 00:00:00,2015-12-06 00:00:00,2
2015-12-09 00:00:00,2015-12-10 00:00:00,2
2015-12-15 00:00:00,2015-12-15 00:00:00,1
2015-12-19 00:00:00,2015-12-20 00:00:00,2
2015-12-22 00:00:00,2015-12-23 00:00:00,2
2015-12-29 00:00:00,2016-01-01 00:00:00,4
2016-01-12 00:00:00,2016-01-15 00:00:00,4
2016-01-19 00:00:00,2016-01-20 00:00:00,2
2016-01-22 00:00:00,2016-01-22 00:00:00,1
2016-02-09 00:00:00,2016-02-09 00:00:00,1
2016-02-11 00:00:00,2016-02-11 00:00:00,1
2016-02-23 00:00:00,2016-02-28 00:00:00,6
2016-03-01 00:00:00,2016-03-01 00:00:00,1
2016-03-04 00:00:00,2016-03-05 00:00:00,2
2016-03-15 00:00:00,2016-03-15 00:00:00,1
2016-03-25 00:00:00,2016-03-25 00:00:00,1
2016-04-01 00:00:00,2016-04-03 00:00:00,3
2016-04-05 00:00:00,2016-04-11 00:00:00,7
2016-04-17 00:00:00,2016-04-18 00:00:00,2
2016-04-21 00:00:00,2016-04-23 00:00:00,3
2016-05-04 00:00:00,2016-05-06 00:00:00,3
2016-05-08 00:00:00,2016-05-09 00:00:00,2
2016-05-12 00:00:00,2016-05-15 00:00:00,4
2016-05-17 00:00:00,2016-05-18 00:00:00,2
2016-05-20 00:00:00,2016-05-21 00:00:00,2
2016-05-24 00:00:00,2016-05-25 00:00:00,2
2016-05-29 00:00:00,2016-06-01 00:00:00,4
2016-06-07 00:00:00,2016-06-12 00:00:00,6
2016-07-14 00:00:00,2016-07-14 00:00:00,1
2016-07-24 00:00:00,2016-07-24 00:00:00,1
2016-07-28 00:00:00,2016-07-30 00:00:00,3
2016-08-01 00:00:00,2016-08-01 00:00:00,1
2016-08-05 00:00:00,2016-08-07 00:00:00,3
2016-08-09 00:00:00,2016-08-10 00:00:00,2
2016-08-14 00:00:00,2016-08-14 00:00:00,1
2016-08-16 00:00:00,2016-08-16 00:00:00,1
2016-08-27 00:00:00,2016-08-27 00:00:00,1
2016-08-29 00:00:00,2016-09-01 00:00:00,4
2016-09-04 00:00:00,2016-09-05 00:00:00,2
2016-09-13 00:00:00,2016-09-13 00:00:00,1
2016-09-27 00:00:00,2016-09-28 00:00:00,2
2016-10-01 00:00:00,2016-10-02 00:00:00,2
2016-10-06 00:00:00,2016-10-12 00:00:00,7
2016-10-16 00:00:00,2016-10-16 00:00:00,1
2016-10-19 00:00:00,2016-10-19 00:00:00,1
2016-10-22 00:00:00,2016-10-22 00:00:00,1
2016-10-24 00:00:00,2016-10-27 00:00:00,4
2016-11-04 00:00:00,2016-11-08 00:00:00,5
2016-11-15 00:00:00,2016-11-17 00:00:00,3
2016-11-19 00:00:00,2016-11-20 00:00:00,2
2016-11-22 00:00:00,2016-11-25 00:00:00,4
2016-12-03 00:00:00,2016-12-03 00:00:00,1
2016-12-12 00:00:00,2016-12-17 00:00:00,6
2016-12-20 00:00:00,2016-12-20 00:00:00,1
2016-12-27 00:00:00,2016-12-27 00:00:00,1
2016-12-29 00:00:00,2016-12-31 00:00:00,3
2017-01-09 00:00:00,2017-01-12 00:00:00,4
2017-01-14 00:00:00,2017-01-14 00:00:00,1
2017-01-17 00:00:00,2017-01-18 00:00:00,2
2017-01-24 00:00:00,2017-01-26 00:00:00,3
2017-01-30 00:00:00,2017-02-07 00:00:00,9
2017-02-11 00:00:00,2017-02-11 00:00:00,1
2017-02-16 00:00:00,2017-02-18 00:00:00,3
2017-02-22 00:00:00,2017-02-25 00:00:00,4
2017-03-07 00:00:00,2017-03-09 00:00:00,3
2017-03-11 00:00:00,2017-03-11 00:00:00,1
2017-03-26 00:00:00,2017-03-27 00:00:00,2
2017-04-01 00:00:00,2017-04-04 00:00:00,4
2017-04-08 00:00:00,2017-04-17 00:00:00,10
2017-04-21 00:00:00,2017-04-21 00:00:00,1
2017-04-24 00:00:00,2017-04-25 00:00:00,2
2017-04-29 00:00:00,2017-05-01 00:00:00,3
2017-05-06 00:00:00,2017-05-07 00:00:00,2
2017-05-17 00:00:00,2017-05-17 00:00:00,1
2017-05-31 00:00:00,2017-06-03 00:00:00,4
2017-06-05 00:00:00,2017-06-05 00:00:00,1
2017-06-07 00:00:00,2017-06-10 00:00:00,4
2017-06-20 00:00:00,2017-06-20 00:00:00,1
2017-06-22 00:00:00,2017-06-22 00:00:00,1
2017-06-24 00:00:00,2017-06-27 00:00:00,4
2017-06-29 00:00:00,2017-06-29 00:00:00,1
2017-07-02 00:00:00,2017-07-02 00:00:00,1
2017-07-15 00:00:00,2017-07-15 00:00:00,1
2017-07-20 00:00:00,2017-07-27 00:00:00,8
2017-07-29 00:00:00,2017-08-01 00:00:00,4
2017-08-06 00:00:00,2017-08-06 00:00:00,1
2017-08-08 00:00:00,2017-08-21 00:00:00,14
2017-08-23 00:00:00,2017-08-23 00:00:00,1
2017-08-26 00:00:00,2017-08-30 00:00:00,5
2017-09-01 00:00:00,2017-09-01 00:00:00,1
2017-09-03 00:00:00,2017-09-04 00:00:00,2
2017-09-06 00:00:00,2017-09-12 00:00:00,7
2017-09-15 00:00:00,2017-09-17 00:00:00,3
2017-09-19 00:00:00,2017-09-21 00:00:00,3
2017-09-24 00:00:00,2017-10-01 00:00:00,8
2017-10-28 00:00:00,2017-10-29 00:00:00,2
2017-11-01 00:00:00,2017-11-05 00:00:00,5
2017-11-14 00:00:00,2017-11-15 00:00:00,2
2017-11-17 00:00:00,2017-11-17 00:00:00,1
2017-11-28 00:00:00,2017-11-28 00:00:00,1
2017-12-07 00:00:00,2017-12-08 00:00:00,2
2017-12-13 00:00:00,2017-12-15 00:00:00,3
2017-12-17 00:00:00,2017-12-21 00:00:00,5
2018-01-07 00:00:00,2018-01-13 00:00:00,7
2018-01-16 00:00:00,2018-01-20 00:00:00,5
2018-01-23 00:00:00,2018-01-26 00:00:00,4
2018-02-07 00:00:00,2018-02-08 00:00:00,2
2018-02-10 00:00:00,2018-02-11 00:00:00,2
2018-02-18 00:00:00,2018-02-19 00:00:00,2
2018-03-01 00:00:00,2018-03-02 00:00:00,2
2018-03-18 00:00:00,2018-03-19 00:00:00,2
2018-04-09 00:00:00,2018-04-09 00:00:00,1
2018-04-11 00:00:00,2018-04-11 00:00:00,1
2018-04-17 00:00:00,2018-04-18 00:00:00,2
2018-04-27 00:00:00,2018-04-27 00:00:00,1
2018-04-29 00:00:00,2018-04-29 00:00:00,1
2018-05-01 00:00:00,2018-05-01 00:00:00,1
2018-05-05 00:00:00,2018-05-05 00:00:00,1
2018-05-07 00:00:00,2018-05-07 00:00:00,1
2018-05-12 00:00:00,2018-05-15 00:00:00,4
2018-05-18 00:00:00,2018-05-19 00:00:00,2
2018-05-21 00:00:00,2018-05-25 00:00:00,5
2018-06-01 00:00:00,2018-06-04 00:00:00,4
2018-06-16 00:00:00,2018-06-20 00:00:00,5
2018-06-23 00:00:00,2018-06-23 00:00:00,1
2018-06-30 00:00:00,2018-06-30 00:00:00,1
2018-07-09 00:00:00,2018-07-10 00:00:00,2
2018-07-14 00:00:00,2018-07-20 00:00:00,7
2018-07-22 00:00:00,2018-07-23 00:00:00,2
2018-07-27 00:00:00,2018-07-28 00:00:00,2
2018-07-31 00:00:00,2018-08-03 00:00:00,4
2018-08-09 00:00:00,2018-08-24 00:00:00,16
2018-08-30 00:00:00,2018-08-30 00:00:00,1
2018-09-01 00:00:00,2018-09-03 00:00:00,3
2018-09-11 00:00:00,2018-09-19 00:00:00,9
2018-09-21 00:00:00,2018-09-23 00:00:00,3
2018-10-04 00:00:00,2018-10-04 00:00:00,1
2018-10-24 00:00:00,2018-10-24 00:00:00,1
2018-10-27 00:00:00,2018-10-27 00:00:00,1
2018-11-01 00:00:00,2018-11-04 00:00:00,4
2018-11-06 00:00:00,2018-11-07 00:00:00,2
2018-11-10 00:00:00,2018-11-13 00:00:00,4
2018-11-25 00:00:00,2018-11-25 00:00:00,1
2018-11-27 00:00:00,2018-11-27 00:00:00,1
2018-11-30 00:00:00,2018-12-03 00:00:00,4
2018-12-11 00:00:00,2018-12-12 00:00:00,2
2018-12-25 00:00:00,2018-12-29 00:00:00,5
2018-12-31 00:00:00,2019-01-01 00:00:00,2
2019-01-05 00:00:00,2019-01-06 00:00:00,2
2019-01-11 00:00:00,2019-01-23 00:00:00,13
2019-01-26 00:00:00,2019-01-28 00:00:00,3
2019-02-01 00:00:00,2019-02-01 00:00:00,1
2019-02-14 00:00:00,2019-02-14 00:00:00,1
2019-02-16 00:00:00,2019-02-20 00:00:00,5
2019-02-23 00:00:00,2019-02-24 00:00:00,2
2019-03-09 00:00:00,2019-03-10 00:00:00,2
2019-03-24 00:00:00,2019-03-24 00:00:00,1
2019-03-26 00:00:00,2019-03-26 00:00:00,1
2019-04-09 00:00:00,2019-04-10 00:00:00,2
2019-04-15 00:00:00,2019-04-15 00:00:00,1
2019-04-28 00:00:00,2019-04-28 00:00:00,1
2019-05-08 00:00:00,2019-05-08 00:00:00,1
2019-05-10 00:00:00,2019-05-10 00:00:00,1
2019-05-12 00:00:00,2019-05-12 00:00:00,1
2019-05-17 00:00:00,2019-05-17 00:00:00,1
2019-05-28 00:00:00,2019-06-01 00:00:00,5
2019-06-05 00:00:00,2019-06-07 00:00:00,3
2019-06-14 00:00:00,2019-06-14 00:00:00,1
2019-06-19 00:00:00,2019-06-20 00:00:00,2
2019-06-22 00:00:00,2019-06-23 00:00:00,2
2019-07-04 00:00:00,2019-07-04 00:00:00,1
2019-07-10 00:00:00,2019-07-11 00:00:00,2
2019-07-13 00:00:00,2019-07-21 00:00:00,9
2019-07-24 00:00:00,2019-07-28 00:00:00,5
2019-08-05 00:00:00,2019-08-06 00:00:00,2
2019-08-10 00:00:00,2019-08-13 00:00:00,4
2019-08-16 00:00:00,2019-08-27 00:00:00,12
2019-08-31 00:00:00,2019-09-11 00:00:00,12
2019-09-13 00:00:00,2019-09-17 00:00:00,5
2019-09-20 00:00:00,2019-09-20 00:00:00,1
2019-09-22 00:00:00,2019-09-23 00:00:00,2
2019-09-25 00:00:00,2019-09-26 00:00:00,2
2019-09-30 00:00:00,2019-09-30 00:00:00,1
2019-10-07 00:00:00,2019-10-09 00:00:00,3
2019-10-17 00:00:00,2019-10-17 00:00:00,1
2019-10-21 00:00:00,2019-10-27 00:00:00,7
2019-10-30 00:00:00,2019-10-31 00:00:00,2
2019-11-06 00:00:00,2019-11-15 00:00:00,10
2019-11-19 00:00:00,2019-11-26 00:00:00,8
2019-11-29 00:00:00,2019-11-30 00:00:00,2
2019-12-04 00:00:00,2019-12-07 00:00:00,4
2019-12-15 00:00:00,2019-12-22 00:00:00,8
2019-12-29 00:00:00,2019-12-30 00:00:00,2
2020-01-02 00:00:00,2020-01-04 00:00:00,3
2020-01-06 00:00:00,2020-01-10 00:00:00,5
2020-01-30 00:00:00,2020-01-31 00:00:00,2
2020-02-02 00:00:00,2020-02-02 00:00:00,1
2020-02-19 00:00:00,2020-02-19 00:00:00,1
2020-02-21 00:00:00,2020-02-21 00:00:00,1
2020-03-01 00:00:00,2020-03-03 00:00:00,3
2020-03-16 00:00:00,2020-03-19 00:00:00,4
2020-03-22 00:00:00,2020-03-23 00:00:00,2
2020-04-03 00:00:00,2020-04-04 00:00:00,2
2020-04-06 00:00:00,2020-04-07 00:00:00,2
2020-04-12 00:00:00,2020-04-16 00:00:00,5
2020-04-22 00:00:00,2020-04-25 00:00:00,4
2020-04-27 00:00:00,2020-04-27 00:00:00,1
2020-05-03 00:00:00,2020-05-03 00:00:00,1
2020-05-05 00:00:00,2020-05-05 00:00:00,1
2020-05-12 00:00:00,2020-05-13 00:00:00,2
2020-05-16 00:00:00,2020-05-16 00:00:00,1
2020-05-24 00:00:00,2020-05-29 00:00:00,6
2020-06-04 00:00:00,2020-06-07 00:00:00,4
2020-06-09 00:00:00,2020-06-09 00:00:00,1
2020-06-13 00:00:00,2020-06-13 00:00:00,1
2020-06-24 00:00:00,2020-06-25 00:00:00,2
2020-07-02 00:00:00,2020-07-02 00:00:00,1
2020-07-06 00:00:00,2020-07-08 00:00:00,3
2020-07-14 00:00:00,2020-07-22 00:00:00,9
2020-07-28 00:00:00,2020-07-28 00:00:00,1
2020-07-31 00:00:00,2020-08-01 00:00:00,2
2020-08-03 00:00:00,2020-08-04 00:00:00,2
2020-08-06 00:00:00,2020-08-06 00:00:00,1
2020-08-13 00:00:00,2020-08-14 00:00:00,2
2020-08-18 00:00:00,2020-08-19 00:00:00,2
2020-08-21 00:00:00,2020-08-22 00:00:00,2
2020-08-24 00:00:00,2020-08-25 00:00:00,2
2020-08-28 00:00:00,2020-08-30 00:00:00,3
2020-09-01 00:00:00,2020-09-02 00:00:00,2
2020-09-04 00:00:00,2020-09-06 00:00:00,3
2020-09-09 00:00:00,2020-09-09 00:00:00,1
2020-09-13 00:00:00,2020-09-15 00:00:00,3
2020-09-18 00:00:00,2020-09-18 00:00:00,1
2020-09-21 00:00:00,2020-09-22 00:00:00,2
2020-09-25 00:00:00,2020-09-25 00:00:00,1
2020-09-27 00:00:00,2020-10-01 00:00:00,5
2020-10-03 00:00:00,2020-10-09 00:00:00,7
2020-10-11 00:00:00,2020-10-11 00:00:00,1
2020-10-18 00:00:00,2020-10-18 00:00:00,1
2020-10-20 00:00:00,2020-10-21 00:00:00,2
2020-11-03 00:00:00,2020-11-07 00:00:00,5
2020-11-10 00:00:00,2020-11-11 00:00:00,2
2020-11-15 00:00:00,2020-11-16 00:00:00,2
2020-11-20 00:00:00,2020-11-23 00:00:00,4
2020-11-26 00:00:00,2020-11-30 00:00:00,5
2020-12-02 00:00:00,2020-12-02 00:00:00,1
2020-12-04 00:00:00,2020-12-05 00:00:00,2
2020-12-10 00:00:00,2020-12-10 00:00:00,1
2020-12-22 00:00:00,2020-12-22 00:00:00,1
2020-12-28 00:00:00,2020-12-29 00:00:00,2
